64190;NABAS;France
16390;NABINAUD;France
24250;NABIRAT;France
62142;NABRINGHEN;France
17380;NACHAMPS;France
24590;NADAILLAC;France
46350;NADAILLAC DE ROUGE;France
03450;NADES;France
46360;NADILLAC;France
50540;NAFTEL;France
27190;NAGEL SEEZ MESNIL;France
81320;NAGES;France
30114;NAGES ET SOLORGUES;France
66340;NAHUJA;France
24390;NAILHAC;France
23800;NAILLAT;France
31560;NAILLOUX;France
89100;NAILLY;France
86530;NAINTRE;France
91750;NAINVILLE LES ROCHES;France
25360;NAISEY LES GRANGES;France
55190;NAIVES EN BLOIS;France
55000;NAIVES ROSIERES;France
55500;NAIX AUX FORGES;France
56500;NAIZIN;France
12270;NAJAC;France
85370;NALLIERS;France
86310;NALLIERS;France
09300;NALZEN;France
68740;NAMBSHEIM;France
60400;NAMPCEL;France
02140;NAMPCELLES LA COUR;France
80120;NAMPONT ST MARTIN;France
80710;NAMPS AU MONT;France
80710;NAMPS MAISNIL;France
02200;NAMPTEUIL SOUS MURET;France
80160;NAMPTY;France
21390;NAN SOUS THIL;France
39160;NANC LES ST AMOUR;France
18330;NANCAY;France
39140;NANCE;France
73470;NANCES;France
16230;NANCLARS;France
55500;NANCOIS LE GRAND;France
55500;NANCOIS SUR ORNAIN;France
17600;NANCRAS;France
25360;NANCRAY;France
45340;NANCRAY SUR RIMARDE;France
39270;NANCUISE;France
54000;NANCY;France
54100;NANCY;France
74300;NANCY SUR CLUSES;France
42720;NANDAX;France
77176;NANDY;France
45330;NANGEVILLE;France
77370;NANGIS;France
74380;NANGY;France
58350;NANNAY;France
25680;NANS;France
83860;NANS LES PINS;France
25330;NANS SOUS STE ANNE;France
12230;NANT;France
55500;NANT LE GRAND;France
55500;NANT LE PETIT;France
77760;NANTEAU SUR ESSONNE;France
77710;NANTEAU SUR LUNAIN;France
92000;NANTERRE;France
44000;NANTES;France
44100;NANTES;France
44200;NANTES;France
44300;NANTES;France
38350;NANTES EN RATIER;France
79400;NANTEUIL;France
24320;NANTEUIL AURIAC DE BOURZAC;France
16700;NANTEUIL EN VALLEE;France
51480;NANTEUIL LA FORET;France
02880;NANTEUIL LA FOSSE;France
60440;NANTEUIL LE HAUDOUIN;France
77100;NANTEUIL LES MEAUX;France
02210;NANTEUIL NOTRE DAME;France
08300;NANTEUIL SUR AISNE;France
77730;NANTEUIL SUR MARNE;France
39160;NANTEY;France
24800;NANTHEUIL;France
24800;NANTHIAT;France
87140;NANTIAT;France
17770;NANTILLE;France
55270;NANTILLOIS;France
70100;NANTILLY;France
38260;NANTOIN;France
55500;NANTOIS;France
71240;NANTON;France
70100;NANTOUARD;France
77230;NANTOUILLET;France
21190;NANTOUX;France
01130;NANTUA;France
80260;NAOURS;France
01580;NAPT;France
57220;NARBEFONTAINE;France
25210;NARBIEF;France
11100;NARBONNE;France
11100;NARBONNE PLAGE;France
64510;NARCASTET;France
52170;NARCY;France
58400;NARCY;France
45210;NARGIS;France
15230;NARNHAC;France
64190;NARP;France
40180;NARROSSE;France
81190;NARTHOUX;France
48260;NASBINALS;France
27550;NASSANDRES;France
40330;NASSIET;France
03190;NASSIGNY;France
24230;NASTRINGUES;France
01300;NATTAGES;France
67130;NATZWILLER;France
12800;NAUCELLE;France
15000;NAUCELLES;France
33990;NAUJAC SUR MER;France
33420;NAUJAN ET POSTIAC;France
02420;NAUROY;France
12700;NAUSSAC;France
48300;NAUSSAC;France
24440;NAUSSANNES;France
72260;NAUVAY;France
12330;NAUVIALE;France
30580;NAVACELLES;France
64450;NAVAILLES ANGOS;France
64190;NAVARRENX;France
41100;NAVEIL;France
70000;NAVENNE;France
03330;NAVES;France
07140;NAVES;France
19460;NAVES;France
59161;NAVES;France
73260;NAVES;France
81710;NAVES;France
74370;NAVES PARMELAN;France
71270;NAVILLY;France
50190;NAY;France
64800;NAY BOURDETTES;France
88100;NAYEMONT LES FOSSES;France
37530;NAZELLES NEGRON;France
33500;NEAC;France
56430;NEANT SUR YVEL;France
53150;NEAU;France
27250;NEAUFLES AUVERGNY;France
27830;NEAUFLES ST MARTIN;France
27250;NEAUFLES SUR RISLE;France
61500;NEAUPHE SOUS ESSAI;France
61160;NEAUPHE SUR DIVE;France
78640;NEAUPHLE LE CHATEAU;France
78640;NEAUPHLE LE VIEUX;France
78980;NEAUPHLETTE;France
42470;NEAUX;France
34800;NEBIAN;France
11500;NEBIAS;France
57670;NEBING;France
63210;NEBOUZAT;France
61160;NECY;France
87120;NEDDE;France
62550;NEDON;France
62550;NEDONCHEL;France
67630;NEEWILLER PRES LAUTERBOURG;France
05000;NEFFES;France
34320;NEFFIES;France
66170;NEFIACH;France
82800;NEGREPELISSE;France
50260;NEGREVILLE;France
24460;NEGRONDES;France
50390;NEHOU;France
67110;NEHWILLER;France
57670;NELLING;France
77140;NEMOURS;France
62180;NEMPONT ST FIRMIN;France
31350;NENIGAN;France
39700;NENON;France
36220;NEONS SUR CREUSE;France
83136;NEOULES;France
23200;NEOUX;France
55700;NEPVANT;France
47600;NERAC;France
40250;NERBIS;France
16200;NERCILLAC;France
17510;NERE;France
36400;NERET;France
33750;NERIGEAN;France
86150;NERIGNAC;France
03310;NERIS LES BAINS;France
39270;NERMIER;France
74140;NERNIER;France
28210;NERON;France
42510;NERONDE;France
63120;NERONDE SUR DORE;France
18350;NERONDES;France
30360;NERS;France
16440;NERSAC;France
42510;NERVIEUX;France
95590;NERVILLE LA FORET;France
60320;NERY;France
63320;NESCHERS;France
09240;NESCUS;France
80190;NESLE;France
21330;NESLE ET MASSOULT;France
76270;NESLE HODENG;France
80140;NESLE L HOPITAL;France
51120;NESLE LA REPOSTE;France
51700;NESLE LE REPONS;France
76340;NESLE NORMANDEUSE;France
62152;NESLES;France
77540;NESLES LA GILBERDE;France
02400;NESLES LA MONTAGNE;France
95690;NESLES LA VALLEE;France
80140;NESLETTE;France
85310;NESMY;France
45270;NESPLOY;France
19600;NESPOULS;France
20225;NESSA;France
65150;NESTIER;France
55800;NETTANCOURT;France
67130;NETZENBACH;France
39120;NEUBLANS ABERGEMENT;France
67220;NEUBOIS;France
67350;NEUBOURG;France
25150;NEUCHATEL URTIERE;France
59940;NEUF BERQUIN;France
68600;NEUF BRISACH;France
63560;NEUF EGLISE;France
76220;NEUF MARCHE;France
59330;NEUF MESNIL;France
76680;NEUFBOSC;France
88300;NEUFCHATEAU;France
76270;NEUFCHATEL EN BRAY;France
72600;NEUFCHATEL EN SAOSNOIS;France
62152;NEUFCHATEL HARDELOT;France
02190;NEUFCHATEL SUR AISNE;France
57700;NEUFCHEF;France
60890;NEUFCHELLES;France
33580;NEUFFONS;France
58190;NEUFFONTAINES;France
57910;NEUFGRANGE;France
02300;NEUFLIEUX;France
08300;NEUFLIZE;France
08560;NEUFMAISON;France
54540;NEUFMAISONS;France
08700;NEUFMANIL;France
50250;NEUFMESNIL;France
77124;NEUFMONTIERS LES MEAUX;France
80132;NEUFMOULIN;France
57830;NEUFMOULINS;France
77610;NEUFMOUTIERS EN BRIE;France
57670;NEUFVILLAGE;France
60190;NEUFVY SUR ARONDE;France
67370;NEUGARTHEIM;France
67370;NEUGARTHEIM ITTLENHEIM;France
67480;NEUHAEUSEL;France
37190;NEUIL;France
65200;NEUILH;France
17520;NEUILLAC;France
36500;NEUILLAY LES BOIS;France
49680;NEUILLE;France
37380;NEUILLE LE LIERRE;France
37360;NEUILLE PONT PIERRE;France
27730;NEUILLY;France
58420;NEUILLY;France
89113;NEUILLY;France
03130;NEUILLY EN DONJON;France
18600;NEUILLY EN DUN;France
18250;NEUILLY EN SANCERRE;France
60530;NEUILLY EN THELLE;France
95640;NEUILLY EN VEXIN;France
52360;NEUILLY L EVEQUE;France
80132;NEUILLY L HOPITAL;France
14230;NEUILLY LA FORET;France
61250;NEUILLY LE BISSON;France
37160;NEUILLY LE BRIGNON;France
80150;NEUILLY LE DIEN;France
14210;NEUILLY LE MALHERBE;France
03340;NEUILLY LE REAL;France
53250;NEUILLY LE VENDIN;France
21800;NEUILLY LES DIJON;France
93360;NEUILLY PLAISANCE;France
60290;NEUILLY SOUS CLERMONT;France
02470;NEUILLY ST FRONT;France
61290;NEUILLY SUR EURE;France
93330;NEUILLY SUR MARNE;France
92200;NEUILLY SUR SEINE;France
52000;NEUILLY SUR SUIZE;France
62770;NEULETTE;France
42590;NEULISE;France
17500;NEULLES;France
56300;NEULLIAC;France
41210;NEUNG SUR BEUVRON;France
67110;NEUNHOFFEN;France
57320;NEUNKIRCHEN LES BOUZONVILLE;France
03320;NEURE;France
70160;NEUREY EN VAUX;France
70000;NEUREY LES LA DEMIE;France
15170;NEUSSARGUES MOISSAC;France
62840;NEUVE CHAPELLE;France
67220;NEUVE EGLISE;France
02500;NEUVE MAISON;France
74500;NEUVECELLE;France
15260;NEUVEGLISE;France
70600;NEUVELLE LES CHAMPLITTE;France
70190;NEUVELLE LES CROMARY;France
21580;NEUVELLE LES GRANCEY;France
70130;NEUVELLE LES LA CHARITE;France
52400;NEUVELLE LES VOISEY;France
54230;NEUVES MAISONS;France
19160;NEUVIC;France
24190;NEUVIC;France
87130;NEUVIC ENTIER;France
17270;NEUVICQ;France
17490;NEUVICQ LE CHATEAU;France
72240;NEUVILLALAIS;France
03430;NEUVILLE;France
19380;NEUVILLE;France
63160;NEUVILLE;France
80140;NEUVILLE AU BOIS;France
62130;NEUVILLE AU CORNET;France
50480;NEUVILLE AU PLAIN;France
45170;NEUVILLE AUX BOIS;France
60119;NEUVILLE BOSC;France
62124;NEUVILLE BOURJONVAL;France
80430;NEUVILLE COPPEGUEULE;France
08130;NEUVILLE DAY;France
86170;NEUVILLE DE POITOU;France
59218;NEUVILLE EN AVESNOIS;France
50250;NEUVILLE EN BEAUMONT;France
59960;NEUVILLE EN FERRAIN;France
55260;NEUVILLE EN VERDUNOIS;France
76270;NEUVILLE FERRIERES;France
01400;NEUVILLE LES DAMES;France
58300;NEUVILLE LES DECIZE;France
76370;NEUVILLE LES DIEPPE;France
80160;NEUVILLE LES LOEUILLY;France
08090;NEUVILLE LES THIS;France
55140;NEUVILLE LES VAUCOULEURS;France
08380;NEUVILLE LEZ BEAULIEU;France
61500;NEUVILLE PRES SEES;France
51290;NEUVILLE SOUS ARZILLIERES;France
62170;NEUVILLE SOUS MONTREUIL;France
02100;NEUVILLE ST AMAND;France
59554;NEUVILLE ST REMY;France
62580;NEUVILLE ST VAAST;France
02860;NEUVILLE SUR AILETTE;France
01160;NEUVILLE SUR AIN;France
27800;NEUVILLE SUR AUTHOU;France
37110;NEUVILLE SUR BRENNE;France
59293;NEUVILLE SUR ESCAUT;France
02880;NEUVILLE SUR MARGIVAL;France
95000;NEUVILLE SUR OISE;France
55800;NEUVILLE SUR ORNAIN;France
69250;NEUVILLE SUR SAONE;France
72190;NEUVILLE SUR SARTHE;France
10250;NEUVILLE SUR SEINE;France
61120;NEUVILLE SUR TOUQUES;France
10190;NEUVILLE SUR VANNES;France
62217;NEUVILLE VITASSE;France
67130;NEUVILLER LA ROCHE;France
54540;NEUVILLER LES BADONVILLER;France
54290;NEUVILLER SUR MOSELLE;France
88100;NEUVILLERS SUR FAVE;France
02390;NEUVILLETTE;France
80600;NEUVILLETTE;France
72140;NEUVILLETTE EN CHARNIE;France
39800;NEUVILLEY;France
59360;NEUVILLY;France
55120;NEUVILLY EN ARGONNE;France
62580;NEUVIREUIL;France
08430;NEUVIZY;France
03000;NEUVY;France
41250;NEUVY;France
51310;NEUVY;France
61210;NEUVY AU HOULME;France
79130;NEUVY BOUIN;France
18250;NEUVY DEUX CLOCHERS;France
28310;NEUVY EN BEAUCE;France
72240;NEUVY EN CHAMPAGNE;France
28800;NEUVY EN DUNOIS;France
49120;NEUVY EN MAUGES;France
45510;NEUVY EN SULLIAS;France
71130;NEUVY GRANDCHAMP;France
18600;NEUVY LE BARROIS;France
37370;NEUVY LE ROI;France
36100;NEUVY PAILLOUX;France
89570;NEUVY SAUTOUR;France
36230;NEUVY ST SEPULCHRE;France
18330;NEUVY SUR BARANGEON;France
58450;NEUVY SUR LOIRE;France
68220;NEUWILLER;France
67330;NEUWILLER LES SAVERNE;France
05100;NEVACHE;France
58000;NEVERS;France
29920;NEVEZ;France
11200;NEVIAN;France
76460;NEVILLE;France
50330;NEVILLE SUR MER;France
45500;NEVOY;France
39380;NEVY LES DOLE;France
39210;NEVY SUR SEILLE;France
87800;NEXON;France
39300;NEY;France
74160;NEYDENS;France
01700;NEYRON;France
78410;NEZEL;France
34120;NEZIGNAN L EVEQUE;France
53400;NIAFLES;France
09400;NIAUX;France
80390;NIBAS;France
45340;NIBELLE;France
04250;NIBLES;France
06000;NICE;France
06100;NICE;France
06300;NICE;France
21330;NICEY;France
55260;NICEY SUR AIRE;France
47190;NICOLE;France
50200;NICORPS;France
57560;NIDERHOFF;France
57565;NIDERVILLER;France
67350;NIEDERALTDORF;France
67110;NIEDERBRONN LES BAINS;France
68290;NIEDERBRUCK;France
68250;NIEDERENTZEN;France
67280;NIEDERHASLACH;France
67207;NIEDERHAUSBERGEN;France
68250;NIEDERHERGHEIM;France
68580;NIEDERLARG;France
67630;NIEDERLAUTERBACH;France
67350;NIEDERMODERN;France
68230;NIEDERMORSCHWIHR;France
67210;NIEDERNAI;France
67470;NIEDERROEDERN;France
67500;NIEDERSCHAEFFOLSHEIM;France
67160;NIEDERSEEBACH;France
67330;NIEDERSOULTZBACH;France
67510;NIEDERSTEINBACH;France
57930;NIEDERSTINZEL;France
57220;NIEDERVISSE;France
62610;NIELLES LES ARDRES;France
62380;NIELLES LES BLEQUIN;France
62185;NIELLES LES CALAIS;France
59850;NIEPPE;France
59400;NIERGNIES;France
15150;NIEUDAN;France
16270;NIEUIL;France
86340;NIEUIL L ESPOIR;France
87510;NIEUL;France
85430;NIEUL LE DOLENT;France
17150;NIEUL LE VIROUIL;France
17810;NIEUL LES SAINTES;France
85240;NIEUL SUR L AUTISE;France
17137;NIEUL SUR MER;France
17600;NIEULLE SUR SEUDRE;France
59143;NIEURLET;France
01120;NIEVROZ;France
68680;NIFFER;France
36250;NIHERNE;France
52150;NIJON;France
57240;NILVANGE;France
30000;NIMES;France
52800;NINVILLE;France
79000;NIORT;France
11140;NIORT DE SAULT;France
53110;NIORT LA FONTAINE;France
04300;NIOZELLES;France
34440;NISSAN LEZ ENSERUNE;France
65150;NISTOS;France
89310;NITRY;France
57790;NITTING;France
59230;NIVELLE;France
56130;NIVILLAC;France
60510;NIVILLERS;France
38300;NIVOLAS VERMELLE;France
01230;NIVOLLET MONTGRIFFON;France
55120;NIXEVILLE BLERCOURT;France
31350;NIZAN GESSE;France
32130;NIZAS;France
34320;NIZAS;France
03250;NIZEROLLES;France
02150;NIZY LE COMTE;France
12320;NOAILHAC;France
19500;NOAILHAC;France
81490;NOAILHAC;France
33190;NOAILLAC;France
33730;NOAILLAN;France
19600;NOAILLES;France
60430;NOAILLES;France
81170;NOAILLES;France
42640;NOAILLY;France
48310;NOALHAC;France
63290;NOALHAT;France
27560;NOARDS;France
20229;NOCARIO;France
61340;NOCE;France
20219;NOCETA;France
71600;NOCHIZE;France
21400;NOD SUR SEINE;France
25580;NODS;France
31410;NOE;France
89760;NOE;France
10360;NOE LES MALLETS;France
25500;NOEL CERNEUX;France
49520;NOELLET;France
54260;NOERS;France
62390;NOEUX LES AUXI;France
62290;NOEUX LES MINES;France
31540;NOGARET;France
32110;NOGARO;France
52800;NOGENT;France
10160;NOGENT EN OTHE;France
51420;NOGENT L ABBESSE;France
02310;NOGENT L ARTAUD;France
72110;NOGENT LE BERNARD;France
28630;NOGENT LE PHAYE;France
28210;NOGENT LE ROI;France
28400;NOGENT LE ROTROU;France
27190;NOGENT LE SEC;France
21500;NOGENT LES MONTBARD;France
10240;NOGENT SUR AUBE;France
28120;NOGENT SUR EURE;France
72500;NOGENT SUR LOIR;France
94130;NOGENT SUR MARNE;France
60180;NOGENT SUR OISE;France
10400;NOGENT SUR SEINE;France
45290;NOGENT SUR VERNISSON;France
02400;NOGENTEL;France
39570;NOGNA;France
64150;NOGUERES;France
08800;NOHAN;France
63830;NOHANENT;France
18390;NOHANT EN GOUT;France
18310;NOHANT EN GRACAY;France
36400;NOHANT VIC;France
66500;NOHEDES;France
82370;NOHIC;France
21390;NOIDAN;France
70130;NOIDANS LE FERROUX;France
70000;NOIDANS LES VESOUL;France
52600;NOIDANT CHATENOY;France
52200;NOIDANT LE ROCHEUX;France
32130;NOILHAN;France
60840;NOINTEL;France
95590;NOINTEL;France
76210;NOINTOT;France
02340;NOIRCOURT;France
25190;NOIREFONTAINE;France
60480;NOIREMONT;France
42440;NOIRETABLE;France
51330;NOIRLIEU;France
79300;NOIRLIEU;France
85330;NOIRMOUTIER EN L ILE;France
70100;NOIRON;France
21910;NOIRON SOUS GEVREY;France
21310;NOIRON SUR BEZE;France
21400;NOIRON SUR SEINE;France
25170;NOIRONTE;France
50320;NOIRPALU;France
79300;NOIRTERRE;France
08400;NOIRVAL;France
94880;NOISEAU;France
77186;NOISIEL;France
57645;NOISSEVILLE;France
93160;NOISY LE GRAND;France
78590;NOISY LE ROI;France
93130;NOISY LE SEC;France
77940;NOISY RUDIGNON;France
77123;NOISY SUR ECOLE;France
95270;NOISY SUR OISE;France
37210;NOIZAY;France
79100;NOIZE;France
24440;NOJALS ET CLOTTE;France
27150;NOJEON EN VEXIN;France
21340;NOLAY;France
58700;NOLAY;France
76780;NOLLEVAL;France
42260;NOLLIEUX;France
59310;NOMAIN;France
47600;NOMDIEU;France
52300;NOMECOURT;France
54610;NOMENY;France
88440;NOMEXY;France
25600;NOMMAY;France
88470;NOMPATELIZE;France
16190;NONAC;France
27320;NONANCOURT;France
14400;NONANT;France
61240;NONANT LE PIN;France
19120;NONARDS;France
16120;NONAVILLE;France
52230;NONCOURT SUR LE RONGEANT;France
63340;NONETTE;France
74330;NONGLARD;France
54450;NONHIGNY;France
07160;NONIERES;France
55210;NONSARD LAMARCHE;France
24300;NONTRON;France
77140;NONVILLE;France
88260;NONVILLE;France
28120;NONVILLIERS GRANDHOUX;France
20217;NONZA;France
88600;NONZEVILLE;France
59670;NOORDPEENE;France
62890;NORDAUSQUES;France
67520;NORDHEIM;France
67150;NORDHOUSE;France
62128;NOREUIL;France
21490;NORGES LA VILLE;France
61190;NORMANDEL;France
27930;NORMANVILLE;France
76640;NORMANVILLE;France
51230;NORMEE;France
21390;NORMIER;France
14100;NOROLLES;France
14700;NORON L ABBAYE;France
14490;NORON LA POTERIE;France
60130;NOROY;France
70000;NOROY LE BOURG;France
70500;NOROY LES JUSSEY;France
02600;NOROY SUR OURCQ;France
62120;NORRENT FONTES;France
14620;NORREY EN AUGE;France
14740;NORREY EN BESSIN;France
51300;NORROIS;France
88800;NORROY;France
54150;NORROY LE SEC;France
57140;NORROY LE VENEUR;France
54700;NORROY LES PONT A MOUSSON;France
62890;NORT LEULINGHEM;France
44390;NORT SUR ERDRE;France
62370;NORTKERQUE;France
76330;NORVILLE;France
05700;NOSSAGE ET BENEVENT;France
88700;NOSSONCOURT;France
56690;NOSTANG;France
23300;NOTH;France
67680;NOTHALTEN;France
13120;NOTRE DAME;France
13370;NOTRE DAME;France
76510;NOTRE DAME D ALIERMONT;France
49380;NOTRE DAME D ALLENCON;France
50810;NOTRE DAME D ELLE;France
27800;NOTRE DAME D EPINE;France
14340;NOTRE DAME D ESTREES;France
37390;NOTRE DAME D OE;France
86330;NOTRE DAME D OR;France
73590;NOTRE DAME DE BELLECOMBE;France
76940;NOTRE DAME DE BLIQUETUIT;France
42120;NOTRE DAME DE BOISSET;France
76960;NOTRE DAME DE BONDEVILLE;France
50210;NOTRE DAME DE CENILLY;France
38450;NOTRE DAME DE COMMIERS;France
14140;NOTRE DAME DE COURSON;France
14170;NOTRE DAME DE FRESNAY;France
44530;NOTRE DAME DE GRACE;France
76330;NOTRE DAME DE GRAVENCHON;France
27940;NOTRE DAME DE L ISLE;France
38470;NOTRE DAME DE L OSIER;France
22410;NOTRE DAME DE LA COUR;France
30570;NOTRE DAME DE LA ROUVIERE;France
14340;NOTRE DAME DE LIVAYE;France
50370;NOTRE DAME DE LIVOYE;France
34380;NOTRE DAME DE LONDRES;France
38220;NOTRE DAME DE MESAGE;France
85690;NOTRE DAME DE MONTS;France
85270;NOTRE DAME DE RIEZ;France
24660;NOTRE DAME DE SANILHAC;France
38144;NOTRE DAME DE VAULX;France
44130;NOTRE DAME DES LANDES;France
44440;NOTRE DAME DES LANGUEURS;France
73460;NOTRE DAME DES MILLIERES;France
76133;NOTRE DAME DU BEC;France
73130;NOTRE DAME DU CRUET;France
22380;NOTRE DAME DU GUILDO;France
27390;NOTRE DAME DU HAMEL;France
76590;NOTRE DAME DU PARC;France
72300;NOTRE DAME DU PE;France
73600;NOTRE DAME DU PRE;France
61100;NOTRE DAME DU ROCHER;France
50140;NOTRE DAME DU TOUCHET;France
28140;NOTTONVILLE;France
86340;NOUAILLE MAUPERTUIS;France
50690;NOUAINVILLE;France
41600;NOUAN LE FUZELIER;France
41220;NOUAN SUR LOIRE;France
72260;NOUANS;France
37460;NOUANS LES FONTAINES;France
08240;NOUART;France
37800;NOUATRE;France
31450;NOUEILLES;France
32270;NOUGAROULET;France
23170;NOUHANT;France
87330;NOUIC;France
65500;NOUILHAN;France
55230;NOUILLONPONT;France
57645;NOUILLY;France
32800;NOULENS;France
60130;NOURARD LE FRANC;France
41310;NOURRAY;France
40380;NOUSSE;France
57720;NOUSSEVILLER LES BITCHE;France
57990;NOUSSEVILLER ST NABOR;France
64420;NOUSTY;France
62370;NOUVELLE EGLISE;France
80860;NOUVION;France
02270;NOUVION ET CATILLON;France
02800;NOUVION LE COMTE;France
02860;NOUVION LE VINEUX;France
08160;NOUVION SUR MEUSE;France
35410;NOUVOITOU;France
02290;NOUVRON VINGRE;France
23600;NOUZERINES;France
23360;NOUZEROLLES;France
23350;NOUZIERS;France
37380;NOUZILLY;France
08700;NOUZONVILLE;France
63220;NOVACELLES;France
73470;NOVALAISE;France
20234;NOVALE;France
57680;NOVEANT SUR MOSELLE;France
74500;NOVEL;France
20211;NOVELLA;France
13550;NOVES;France
54385;NOVIANT AUX PRES;France
90340;NOVILLARD;France
25220;NOVILLARS;France
60730;NOVILLERS;France
08270;NOVION PORCIEN;France
08300;NOVY CHEVRIERES;France
22400;NOYAL;France
35230;NOYAL CHATILLON SUR SEICHE;France
56190;NOYAL MUZILLAC;France
56920;NOYAL PONTIVY;France
35560;NOYAL SOUS BAZOUGES;France
44110;NOYAL SUR BRUTZ;France
35530;NOYAL SUR VILAINE;France
02120;NOYALES;France
56450;NOYALO;France
49490;NOYANT;France
03210;NOYANT D ALLIER;France
37800;NOYANT DE TOURAINE;France
02200;NOYANT ET ACONIN;France
49520;NOYANT LA GRAVOYERE;France
49700;NOYANT LA PLAINE;France
38360;NOYAREY;France
62810;NOYELLE VION;France
80150;NOYELLES EN CHAUSSEE;France
62950;NOYELLES GODAULT;France
62770;NOYELLES LES HUMIERES;France
59139;NOYELLES LES SECLIN;France
62980;NOYELLES LES VERMELLES;France
62490;NOYELLES SOUS BELLONNE;France
62221;NOYELLES SOUS LENS;France
59159;NOYELLES SUR ESCAUT;France
80860;NOYELLES SUR MER;France
59550;NOYELLES SUR SAMBRE;France
59282;NOYELLES SUR SELLE;France
62123;NOYELLETTE;France
72430;NOYEN SUR SARTHE;France
77114;NOYEN SUR SEINE;France
27720;NOYERS;France
45260;NOYERS;France
52240;NOYERS;France
89310;NOYERS;France
55800;NOYERS AUZECOURT;France
14210;NOYERS BOCAGE;France
08350;NOYERS PONT MAUGIS;France
60480;NOYERS ST MARTIN;France
41140;NOYERS SUR CHER;France
04200;NOYERS SUR JABRON;France
60400;NOYON;France
10700;NOZAY;France
44170;NOZAY;France
91620;NOZAY;France
39250;NOZEROY;France
07270;NOZIERES;France
18200;NOZIERES;France
49340;NUAILLE;France
17540;NUAILLE D AUNIS;France
17470;NUAILLE SUR BOUTONNE;France
58190;NUARS;France
55250;NUBECOURT;France
12330;NUCES;France
95420;NUCOURT;France
86200;NUEIL SOUS FAYE;France
79250;NUEIL SUR ARGENT;France
49560;NUEIL SUR LAYON;France
69210;NUELLES;France
72370;NUILLE LE JALAIS;France
53210;NUILLE SUR OUETTE;France
53970;NUILLE SUR VICOIN;France
51240;NUISEMENT SUR COOLE;France
89390;NUITS;France
21700;NUITS ST GEORGES;France
76390;NULLEMONT;France
52110;NULLY TREMILLY;France
62270;NUNCQ HAUTECOTE;France
36800;NURET LE FERRON;France
01760;NURIEUX VOLOGNAT;France
80240;NURLU;France
46150;NUZEJOULS;France
66360;NYER;France
49500;NYOISEAU;France
26110;NYONS;France
67230;OBENHEIM;France
67110;OBERBRONN;France
68290;OBERBRUCK;France
68960;OBERDORF;France
67360;OBERDORF SPACHBACH;France
57320;OBERDORFF;France
68250;OBERENTZEN;France
57720;OBERGAILBACH;France
67280;OBERHASLACH;France
67205;OBERHAUSBERGEN;France
68250;OBERHERGHEIM;France
67160;OBERHOFFEN LES WISSEMBOURG;France
67240;OBERHOFFEN SUR MODER;France
67250;OBERKUTZENHAUSEN;France
68480;OBERLARG;France
67160;OBERLAUTERBACH;France
67330;OBERMODERN;France
67330;OBERMODERN ZUTZENDORF;France
68420;OBERMORSCHWIHR;France
68130;OBERMORSCHWILLER;France
67210;OBERNAI;France
67250;OBERROEDERN;France
68600;OBERSAASHEIM;France
67203;OBERSCHAEFFOLSHEIM;France
67160;OBERSEEBACH;France
67330;OBERSOULTZBACH;France
67510;OBERSTEINBACH;France
57930;OBERSTINZEL;France
57220;OBERVISSE;France
59570;OBIES;France
19130;OBJAT;France
62920;OBLINGHEM;France
59680;OBRECHIES;France
57170;OBRECK;France
77890;OBSONVILLE;France
36290;OBTERRE;France
21400;OBTREE;France
20117;OCANA;France
61200;OCCAGNES;France
52190;OCCEY;France
20226;OCCHIATANA;France
80600;OCCOCHES;France
80210;OCHANCOURT;France
08240;OCHES;France
54170;OCHEY;France
01200;OCHIAZ;France
59670;OCHTEZEELE;France
77440;OCQUERRE;France
76450;OCQUEVILLE;France
50130;OCTEVILLE;France
50630;OCTEVILLE L AVENEL;France
76930;OCTEVILLE SUR MER;France
34800;OCTON;France
31450;ODARS;France
66120;ODEILLO VIA;France
69460;ODENAS;France
68830;ODEREN;France
52800;ODIVAL;France
59970;ODOMEZ;France
65310;ODOS;France
67520;ODRATZHEIM;France
88500;OELLEVILLE;France
67970;OERMINGEN;France
57600;OETING;France
62130;OEUF EN TERNOIS;France
02160;OEUILLY;France
51480;OEUILLY;France
57100;OEUTRANGE;France
55500;OEY;France
40300;OEYREGAVE;France
40180;OEYRELUY;France
62370;OFFEKERQUE;France
90300;OFFEMONT;France
67850;OFFENDORF;France
67370;OFFENHEIM;France
80590;OFFIGNIES;France
62990;OFFIN;France
39290;OFFLANGES;France
60210;OFFOY;France
80400;OFFOY;France
76550;OFFRANVILLE;France
62250;OFFRETHUN;France
88500;OFFROICOURT;France
67340;OFFWILLER;France
64190;OGENNE CAMPTORT;France
51190;OGER;France
64680;OGEU LES BAINS;France
54450;OGEVILLER;France
20217;OGLIASTRO;France
02300;OGNES;France
51230;OGNES;France
60440;OGNES;France
54330;OGNEVILLE;France
60310;OGNOLLES;France
60810;OGNON;France
57530;OGY;France
59132;OHAIN;France
76560;OHERVILLE;France
02500;OHIS;France
67590;OHLUNGEN;France
67390;OHNENHEIM;France
67640;OHNHEIM;France
70120;OIGNEY;France
62590;OIGNIES;France
21450;OIGNY;France
41170;OIGNY;France
02600;OIGNY EN VALOIS;France
69620;OINGT;France
28700;OINVILLE SOUS AUNEAU;France
28310;OINVILLE ST LIPHARD;France
78250;OINVILLE SUR MONTCIENT;France
79100;OIRON;France
51530;OIRY;France
70700;OISELAY ET GRACHAUX;France
80140;OISEMONT;France
21310;OISILLY;France
41700;OISLY;France
45170;OISON;France
53300;OISSEAU;France
72610;OISSEAU LE PETIT;France
76350;OISSEL;France
77178;OISSERY;France
80540;OISSY;France
02450;OISY;France
58500;OISY;France
59195;OISY;France
62860;OISY LE VERGER;France
72330;OIZE;France
18700;OIZON;France
34390;OLARGUES;France
63210;OLBY;France
20217;OLCANI;France
65350;OLEAC DEBAT;France
65190;OLEAC DESSUS;France
12510;OLEMPS;France
14170;OLENDON;France
20232;OLETTA;France
66360;OLETTE;France
20140;OLIVESE;France
45160;OLIVET;France
53410;OLIVET;France
51700;OLIZY;France
08250;OLIZY PRIMAT;France
55700;OLIZY SUR CHIERS;France
88170;OLLAINVILLE;France
91340;OLLAINVILLE;France
25640;OLLANS;France
28120;OLLE;France
60170;OLLENCOURT;France
54800;OLLEY;France
02480;OLLEZY;France
55230;OLLIERES;France
83470;OLLIERES;France
63880;OLLIERGUES;France
83190;OLLIOULES;France
63450;OLLOIX;France
63880;OLMET;France
34700;OLMET ET VILLECUN;France
20217;OLMETA DI CAPOCORSO;France
20273;OLMETA DI TUDA;France
20113;OLMETO;France
20259;OLMI CAPPELLA;France
20112;OLMICCIA;France
20290;OLMO;France
85340;OLONNE SUR MER;France
34210;OLONZAC;France
64400;OLORON STE MARIE;France
12260;OLS ET RINHODES;France
68480;OLTINGUE;France
67170;OLWISHEIM;France
26400;OMBLEZE;France
60220;OMECOURT;France
54330;OMELMONT;France
95420;OMERVILLE;France
20236;OMESSA;France
33410;OMET;France
65100;OMEX;France
51240;OMEY;France
08450;OMICOURT;France
80320;OMIECOURT;France
02100;OMISSY;France
61160;OMMEEL;France
57810;OMMERAY;France
61160;OMMOY;France
08430;OMONT;France
76730;OMONVILLE;France
50440;OMONVILLE LA PETITE;France
50440;OMONVILLE LA ROGUE;France
15290;OMPS;France
66400;OMS;France
25250;ONANS;France
40380;ONARD;France
70100;ONAY;France
01230;ONCIEU;France
88150;ONCOURT;France
91490;ONCY SUR ECOLE;France
14260;ONDEFONTAINE;France
31330;ONDES;France
40440;ONDRES;France
45390;ONDREVILLE SUR ESSONNE;France
40110;ONESSE ET LAHARIE;France
12850;ONET LE CHATEAU;France
80135;ONEUX;France
04230;ONGLES;France
39250;ONGLIERES;France
10220;ONJON;France
58370;ONLAY;France
59264;ONNAING;France
74490;ONNION;France
39270;ONOZ;France
60650;ONS EN BRAY;France
73310;ONTEX;France
54890;ONVILLE;France
80500;ONVILLERS;France
41150;ONZAIN;France
31110;OO;France
59122;OOST CAPPEL;France
06650;OPIO;France
63540;OPME;France
66600;OPOUL PERILLOS;France
84580;OPPEDE;France
04110;OPPEDETTE;France
70110;OPPENANS;France
62580;OPPY;France
38460;OPTEVOZ;France
64390;ORAAS;France
15260;ORADOUR;France
16140;ORADOUR;France
16500;ORADOUR FANAIS;France
87210;ORADOUR ST GENEST;France
87520;ORADOUR SUR GLANE;France
87150;ORADOUR SUR VAYRES;France
21610;ORAIN;France
02190;ORAINVILLE;France
04700;ORAISON;France
84100;ORANGE;France
39190;ORBAGNA;France
51270;ORBAIS L ABBAYE;France
81120;ORBAN;France
14290;ORBEC;France
63500;ORBEIL;France
32260;ORBESSAN;France
68370;ORBEY;France
37460;ORBIGNY;France
52360;ORBIGNY AU MONT;France
52360;ORBIGNY AU VAL;France
14240;ORBOIS;France
41300;ORCAY;France
78125;ORCEMONT;France
18200;ORCENAIS;France
63670;ORCET;France
52250;ORCEVAUX;France
41190;ORCHAISE;France
39700;ORCHAMPS;France
25390;ORCHAMPS VENNES;France
86230;ORCHES;France
59310;ORCHIES;France
74550;ORCIER;France
05170;ORCIERES;France
26220;ORCINAS;France
63870;ORCINES;France
63210;ORCIVAL;France
51300;ORCONTE;France
32350;ORDAN LARROQUE;France
64130;ORDIARP;France
65200;ORDIZAN;France
33340;ORDONNAC;France
01510;ORDONNAZ;France
31510;ORE;France
64120;OREGUE;France
66360;OREILLA;France
73140;ORELLE;France
80160;ORESMAUX;France
65230;ORGAN;France
25120;ORGEANS BLANCHEFONTAINE;France
16220;ORGEDEUIL;France
09110;ORGEIX;France
39270;ORGELET;France
35230;ORGERES;France
61230;ORGERES;France
28140;ORGERES EN BEAUCE;France
53140;ORGERES LA ROCHE;France
78910;ORGERUS;France
52120;ORGES;France
21490;ORGEUX;France
02860;ORGEVAL;France
78630;ORGEVAL;France
09800;ORGIBET;France
50390;ORGLANDES;France
07150;ORGNAC L AVEN;France
19410;ORGNAC SUR VEZERE;France
13660;ORGON;France
82370;ORGUEIL;France
70110;ORICOURT;France
65190;ORIEUX;France
65200;ORIGNAC;France
33113;ORIGNE;France
53360;ORIGNE;France
17210;ORIGNOLLES;France
21510;ORIGNY;France
02550;ORIGNY EN THIERACHE;France
61130;ORIGNY LE BUTIN;France
61130;ORIGNY LE ROUX;France
10510;ORIGNY LE SEC;France
02390;ORIGNY STE BENOITE;France
64400;ORIN;France
65380;ORINCLES;France
57590;ORIOCOURT;France
26190;ORIOL EN ROYANS;France
16480;ORIOLLES;France
64390;ORION;France
38350;ORIS EN RATTIER;France
40300;ORIST;France
16210;ORIVAL;France
76500;ORIVAL;France
80640;ORIVAL;France
45000;ORLEANS;France
45100;ORLEANS;France
63190;ORLEAT;France
65800;ORLEIX;France
24170;ORLIAC;France
19390;ORLIAC DE BAR;France
24370;ORLIAGUET;France
69530;ORLIENAS;France
09110;ORLU;France
28700;ORLU;France
94310;ORLY;France
77750;ORLY SUR MORIN;France
52200;ORMANCEY;France
77540;ORMEAUX;France
70230;ORMENANS;France
57720;ORMERSVILLER;France
10700;ORMES;France
27190;ORMES;France
45140;ORMES;France
51370;ORMES;France
71290;ORMES;France
54740;ORMES ET VILLE;France
77167;ORMESSON;France
94490;ORMESSON SUR MARNE;France
70300;ORMOICHE;France
28210;ORMOY;France
70500;ORMOY;France
89400;ORMOY;France
91540;ORMOY;France
91150;ORMOY LA RIVIERE;France
60620;ORMOY LE DAVIEN;France
52310;ORMOY LES SEXFONTAINES;France
52120;ORMOY SUR AUBE;France
60800;ORMOY VILLERS;France
38260;ORNACIEUX;France
11200;ORNAISONS;France
25290;ORNANS;France
55400;ORNEL;France
55150;ORNES;France
01210;ORNEX;France
32260;ORNEZAN;France
46330;ORNIAC;France
09400;ORNOLAC USSAT LES BAINS;France
38520;ORNON;France
57420;ORNY;France
60510;OROER;France
65320;OROIX;France
57590;ORON;France
79390;OROUX;France
78125;ORPHIN;France
05700;ORPIERRE;France
52700;ORQUEVAUX;France
21450;ORRET;France
64390;ORRIULE;France
28190;ORROUER;France
60129;ORROUY;France
60560;ORRY LA VILLE;France
17480;ORS;France
59360;ORS;France
30200;ORSAN;France
64120;ORSANCO;France
11270;ORSANS;France
25530;ORSANS;France
91400;ORSAY;France
68500;ORSCHWIHR;France
67600;ORSCHWILLER;France
36190;ORSENNES;France
91400;ORSIGNY;France
59530;ORSINVAL;France
63340;ORSONNETTE;France
78660;ORSONVILLE;France
66560;ORTAFFA;France
20234;ORTALE;France
40300;ORTHEVIELLE;France
64300;ORTHEZ;France
30260;ORTHOUX SERIGNAC QUILHAN;France
10700;ORTILLON;France
20290;ORTIPORIO;France
20125;ORTO;France
88700;ORTONCOURT;France
09220;ORUS;France
18200;ORVAL;France
50660;ORVAL;France
44700;ORVAULT;France
27190;ORVAUX;France
25430;ORVE;France
91590;ORVEAU;France
45330;ORVEAU BELLESAUVE;France
21260;ORVILLE;France
36210;ORVILLE;France
45390;ORVILLE;France
61120;ORVILLE;France
62760;ORVILLE;France
60490;ORVILLERS SOREL;France
78910;ORVILLIERS;France
10170;ORVILLIERS ST JULIEN;France
40230;ORX;France
64150;OS MARSILLON;France
20147;OSANI;France
55220;OSCHES;France
68570;OSENBACH;France
71380;OSLON;France
02290;OSLY COURTIL;France
14230;OSMANVILLE;France
18130;OSMERY;France
65350;OSMETS;France
18390;OSMOY;France
78910;OSMOY;France
76660;OSMOY ST VALERY;France
52300;OSNE LE VAL;France
08110;OSNES;France
95520;OSNY;France
40290;OSSAGES;France
64470;OSSAS SUHARE;France
25360;OSSE;France
35410;OSSE;France
64490;OSSE EN ASPE;France
66340;OSSEJA;France
25320;OSSELLE;France
65100;OSSEN;France
64190;OSSENX;France
64390;OSSERAIN RIVAREYTE;France
64780;OSSES;France
10100;OSSEY LES TROIS MAISONS;France
65380;OSSUN;France
65100;OSSUN EZ ANGLES;France
64120;OSTABAT ASME;France
02370;OSTEL;France
68150;OSTHEIM;France
67990;OSTHOFFEN;France
67150;OSTHOUSE;France
62130;OSTREVILLE;France
59162;OSTRICOURT;France
67540;OSTWALD;France
20150;OTA;France
54260;OTHE;France
77280;OTHIS;France
57840;OTTANGE;France
67700;OTTERSTHAL;France
67700;OTTERSWILLER;France
68490;OTTMARSHEIM;France
57220;OTTONVILLE;France
67530;OTTROTT;France
67320;OTTWILLER;France
58500;OUAGNE;France
76450;OUAINVILLE;France
89560;OUANNE;France
28150;OUARVILLE;France
41120;OUCHAMPS;France
42155;OUCHES;France
41290;OUCQUES;France
76430;OUDALLE;France
58210;OUDAN;France
60860;OUDEUIL;France
59670;OUDEZEELE;France
52310;OUDINCOURT;France
44521;OUDON;France
57970;OUDRENNE;France
71420;OUDRY;France
65190;OUEILLOUX;France
28500;OUERRE;France
14270;OUEZY;France
14220;OUFFIERES;France
70500;OUGE;France
21600;OUGES;France
39350;OUGNEY;France
25640;OUGNEY DOUVOT;France
58110;OUGNY;France
25520;OUHANS;France
43510;OUIDES;France
64160;OUILLON;France
14590;OUILLY DU HOULEY;France
14190;OUILLY LE TESSON;France
14100;OUILLY LE VICOMTE;France
14150;OUISTREHAM;France
36800;OULCHES;France
02160;OULCHES LA VALLEE FOULON;France
02210;OULCHY LA VILLE;France
02210;OULCHY LE CHATEAU;France
28260;OULINS;France
38520;OULLES;France
69600;OULLINS;France
85420;OULMES;France
58700;OULON;France
39380;OUNANS;France
34210;OUPIA;France
39700;OUR;France
60480;OURCEL MAISON;France
26120;OURCHES;France
55190;OURCHES SUR MEUSE;France
65370;OURDE;France
65100;OURDIS COTDOUSSAN;France
65100;OURDON;France
58130;OUROUER;France
18350;OUROUER LES BOURDELINS;France
69860;OUROUX;France
58230;OUROUX EN MORVAN;France
71800;OUROUX SOUS LE BOIS STE MARIE;France
71370;OUROUX SUR SAONE;France
65490;OURSBELILLE;France
62460;OURTON;France
76450;OURVILLE EN CAUX;France
57290;OURY;France
64320;OUSSE;France
40110;OUSSE SUZAN;France
39800;OUSSIERES;France
45250;OUSSON SUR LOIRE;France
45290;OUSSOY EN GATINAIS;France
09140;OUST;France
80460;OUST MAREST;France
65100;OUSTE;France
45480;OUTARVILLE;France
51290;OUTINES;France
62230;OUTREAU;France
80600;OUTREBOIS;France
52150;OUTREMECOURT;France
51300;OUTREPONT;France
01430;OUTRIAZ;France
25530;OUVANS;France
62380;OUVE WIRQUIN;France
11590;OUVEILLAN;France
50210;OUVILLE;France
76760;OUVILLE L ABBAYE;France
14170;OUVILLE LA BIEN TOURNEE;France
76860;OUVILLE LA RIVIERE;France
45150;OUVROUER LES CHAMPS;France
86380;OUZILLY;France
86330;OUZILLY VIGNOLLES;France
45290;OUZOUER DES CHAMPS;France
41160;OUZOUER LE DOYEN;France
41240;OUZOUER LE MARCHE;France
45270;OUZOUER SOUS BELLEGARDE;France
45570;OUZOUER SUR LOIRE;France
45250;OUZOUER SUR TREZEE;France
65400;OUZOUS;France
70360;OVANCHES;France
80300;OVILLERS LA BOISSELLE;France
59670;OXELAERE;France
71610;OYE;France
25160;OYE ET PALLET;France
62215;OYE PLAGE;France
51120;OYES;France
38690;OYEU;France
01100;OYONNAX;France
86220;OYRE;France
70600;OYRIERES;France
28700;OYSONVILLE;France
38780;OYTIER ST OBLAS;France
38114;OZ;France
01190;OZAN;France
05400;OZE;France
71700;OZENAY;France
64300;OZENX MONTESTRUCQ;France
54150;OZERAILLES;France
50310;OZEVILLE;France
52700;OZIERES;France
17500;OZILLAC;France
77330;OZOIR LA FERRIERE;France
28200;OZOIR LE BREUIL;France
71120;OZOLLES;France
07370;OZON;France
65190;OZON;France
77720;OZOUER LE REPOS;France
77390;OZOUER LE VOULGIS;France
40380;OZOURT;France
02220;PAARS;France
22200;PABU;France
35740;PACE;France
61250;PACE;France
38270;PACT;France
89160;PACY SUR ARMANCON;France
27120;PACY SUR EURE;France
11350;PADERN;France
81340;PADIES;France
46500;PADIRAC;France
88700;PADOUX;France
87230;PAGEAS;France
39350;PAGNEY;France
54200;PAGNEY DERRIERE BARINE;France
39330;PAGNOZ;France
55140;PAGNY LA BLANCHE COTE;France
21250;PAGNY LA VILLE;France
21250;PAGNY LE CHATEAU;France
57420;PAGNY LES GOIN;France
55190;PAGNY SUR MEUSE;France
54530;PAGNY SUR MOSELLE;France
64120;PAGOLLE;France
65240;PAILHAC;France
07410;PAILHARES;France
15800;PAILHEROLS;France
09130;PAILHES;France
34490;PAILHES;France
60120;PAILLART;France
17470;PAILLE;France
59295;PAILLENCOURT;France
33550;PAILLET;France
47440;PAILLOLES;France
89140;PAILLY;France
44560;PAIMBOEUF;France
22500;PAIMPOL;France
35380;PAIMPONT;France
21360;PAINBLANC;France
88100;PAIR ET GRANDRUPT;France
02160;PAISSY;France
10160;PAISY COSDON;France
79170;PAIZAY LE CHAPT;France
86300;PAIZAY LE SEC;France
79500;PAIZAY LE TORT;France
16240;PAIZAY NAUDOUIN EMBOURIE;France
38260;PAJAY;France
38850;PALADRU;France
11330;PALAIRAC;France
91120;PALAISEAU;France
52600;PALAISEUL;France
11570;PALAJA;France
31220;PALAMINY;France
70200;PALANTE;France
25440;PALANTINE;France
20226;PALASCA;France
66340;PALAU DE CERDAGNE;France
66690;PALAU DEL VIDRE;France
34250;PALAVAS LES FLOTS;France
19190;PALAZINGES;France
77710;PALEY;France
24480;PALEYRAC;France
48100;PALHERS;France
71430;PALINGES;France
10190;PALIS;France
25870;PALISE;France
19160;PALISSE;France
63550;PALLADUC;France
32230;PALLANNE;France
71350;PALLEAU;France
88330;PALLEGNEY;France
81700;PALLEVILLE;France
85670;PALLUAU;France
36500;PALLUAU SUR INDRE;France
16390;PALLUAUD;France
73200;PALLUD;France
62860;PALLUEL;France
12310;PALMAS;France
20134;PALNECA;France
42890;PALOGNEUX;France
13550;PALUD DES NOVES;France
76450;PALUEL;France
77830;PAMFOU;France
09100;PAMIERS;France
81190;PAMPELONNE;France
79220;PAMPLIE;France
79800;PAMPROUX;France
32140;PANASSAC;France
87350;PANAZOL;France
35320;PANCE;France
52230;PANCEY;France
20251;PANCHERACCIA;France
02860;PANCY COURTECON;France
19150;PANDRIGNES;France
57530;PANGE;France
21540;PANGES;France
27510;PANILLEUSE;France
38730;PANISSAGE;France
42360;PANISSIERES;France
32110;PANJAS;France
27320;PANLATTE;France
44440;PANNECE;France
45300;PANNECIERES;France
45700;PANNES;France
54470;PANNES;France
39570;PANNESSIERES;France
72600;PANON;France
38460;PANOSSAS;France
93500;PANTIN;France
37220;PANZOULT;France
02260;PAPLEUX;France
13520;PARADOU;France
35400;PARAME;France
18220;PARASSY;France
20229;PARATA;France
78660;PARAY DOUAVILLE;France
03230;PARAY LE FRESIL;France
71600;PARAY LE MONIAL;France
03500;PARAY SOUS BRIAILLES;France
91550;PARAY VIEILLE POSTE;France
11200;PARAZA;France
64360;PARBAYSE;France
76210;PARC D ANXTOT;France
49390;PARCAY LES PINS;France
37210;PARCAY MESLAY;France
37220;PARCAY SUR VIENNE;France
35210;PARCE;France
72300;PARCE SUR SARTHE;France
39100;PARCEY;France
01600;PARCIEUX;France
24410;PARCOUL;France
02210;PARCY ET TIGNY;France
34360;PARDAILHAN;France
47120;PARDAILLAN;France
64150;PARDIES;France
64800;PARDIES PIETAT;France
63500;PARDINES;France
65100;PAREAC;France
55160;PAREID;France
33290;PAREMPUYRE;France
72140;PARENNES;France
63270;PARENT;France
63500;PARENTIGNAT;France
40160;PARENTIS EN BORN;France
62650;PARENTY;France
88800;PAREY SOUS MONTFORT;France
54330;PAREY ST CESAIRE;France
02360;PARFONDEVAL;France
61400;PARFONDEVAL;France
02840;PARFONDRU;France
55400;PARFONDRUPT;France
14240;PARFOURU L ECLIN;France
14310;PARFOURU SUR ODON;France
02160;PARGNAN;France
80190;PARGNY;France
02000;PARGNY FILAIN;France
02330;PARGNY LA DHUYS;France
02270;PARGNY LES BOIS;France
51390;PARGNY LES REIMS;France
08300;PARGNY RESSON;France
88350;PARGNY SOUS MUREAU;France
51340;PARGNY SUR SAULX;France
10210;PARGUES;France
30730;PARIGNARGUES;France
35133;PARIGNE;France
72250;PARIGNE L EVEQUE;France
72330;PARIGNE LE POLIN;France
53100;PARIGNE SUR BRAYE;France
42120;PARIGNY;France
50600;PARIGNY;France
58210;PARIGNY LA ROSE;France
58320;PARIGNY LES VAUX;France
75000;PARIS;France
75116;PARIS;France
75010;PARIS;France
75011;PARIS;France
75012;PARIS;France
75013;PARIS;France
75014;PARIS;France
75015;PARIS;France
75016;PARIS;France
75017;PARIS;France
75018;PARIS;France
75019;PARIS;France
75001;PARIS;France
75020;PARIS;France
75002;PARIS;France
75003;PARIS;France
75004;PARIS;France
75005;PARIS;France
75006;PARIS;France
75007;PARIS;France
75008;PARIS;France
75009;PARIS;France
71150;PARIS L HOPITAL;France
81310;PARISOT;France
82160;PARISOT;France
15290;PARLAN;France
26120;PARLANGES;France
40310;PARLEBOSCQ;France
78150;PARLY;France
89240;PARLY;France
95620;PARMAIN;France
38390;PARMILIEU;France
36170;PARNAC;France
46140;PARNAC;France
26750;PARNANS;France
18130;PARNAY;France
49730;PARNAY;France
53260;PARNE SUR ROC;France
60240;PARNES;France
52400;PARNOT;France
52400;PARNOY EN BASSIGNY;France
55120;PAROIS;France
89100;PARON;France
25440;PAROY;France
77520;PAROY;France
89210;PAROY EN OTHE;France
52300;PAROY SUR SAULX;France
89300;PAROY SUR THOLON;France
36210;PARPECAY;France
02240;PARPEVILLE;France
47210;PARRANQUET;France
54370;PARROY;France
10330;PARS LES CHAVANGES;France
10100;PARS LES ROMILLY;France
23140;PARSAC;France
33570;PARSAC;France
79200;PARTHENAY;France
35850;PARTHENAY DE BRETAGNE;France
20147;PARTINELLO;France
54480;PARUX;France
01300;PARVES;France
27180;PARVILLE;France
80700;PARVILLERS LE QUESNOY;France
16450;PARZAC;France
79100;PAS DE JEU;France
74100;PAS DE L ECHELLE;France
13700;PAS DES LANCIERS;France
62760;PAS EN ARTOIS;France
89310;PASILLY;France
63290;PASLIERES;France
02200;PASLY;France
21370;PASQUES;France
66300;PASSA;France
61350;PASSAIS LA CONCEPTION;France
25360;PASSAVANT;France
51800;PASSAVANT EN ARGONNE;France
70210;PASSAVANT LA ROCHERE;France
49560;PASSAVANT SUR LAYON;France
44118;PASSAY;France
60400;PASSEL;France
39230;PASSENANS;France
01260;PASSIN;France
38510;PASSINS;France
16480;PASSIRAC;France
25690;PASSONFONTAINE;France
71220;PASSY;France
74190;PASSY;France
89510;PASSY;France
02470;PASSY EN VALOIS;France
51700;PASSY GRIGNY;France
02850;PASSY SUR MARNE;France
77480;PASSY SUR SEINE;France
20121;PASTRICCIOLA;France
45310;PATAY;France
39130;PATORNAY;France
20253;PATRIMONIO;France
64000;PAU;France
45200;PAUCOURT;France
36260;PAUDY;France
63410;PAUGNAT;France
32500;PAUILHAC;France
33250;PAUILLAC;France
22340;PAULE;France
15430;PAULHAC;France
31380;PAULHAC;France
43100;PAULHAC;France
48140;PAULHAC EN MARGERIDE;France
43230;PAULHAGUET;France
34230;PAULHAN;France
12520;PAULHE;France
15230;PAULHENC;France
47150;PAULHIAC;France
11300;PAULIGNE;France
24590;PAULIN;France
81250;PAULINET;France
37350;PAULMY;France
36290;PAULNAY;France
44270;PAULX;France
24510;PAUNAT;France
24310;PAUSSAC ET ST VIVIEN;France
52270;PAUTAINES AUGEVILLE;France
08310;PAUVRES;France
02310;PAVANT;France
42410;PAVEZIN;France
32550;PAVIE;France
76570;PAVILLY;France
10600;PAYNS;France
11410;PAYRA SUR L HERS;France
46350;PAYRAC;France
86700;PAYRE;France
46300;PAYRIGNAC;France
81660;PAYRIN AUGMONTEL;France
40320;PAYROS CAZAUTETS;France
86350;PAYROUX;France
31510;PAYSSOUS;France
07230;PAYZAC;France
24270;PAYZAC;France
24120;PAZAYAC;France
11350;PAZIOLS;France
58800;PAZY;France
51120;PEAS;France
07340;PEAUGRES;France
56130;PEAULE;France
85320;PEAULT;France
32130;PEBEES;France
43300;PEBRAC;France
09310;PECH;France
11420;PECH LUNA;France
31320;PECHABOU;France
11420;PECHARIC ET LE PY;France
81470;PECHAUDIER;France
31140;PECHBONNIEU;France
31320;PECHBUSQUE;France
40320;PECORADE;France
59146;PECQUENCOURT;France
91470;PECQUEUSE;France
77970;PECY;France
22540;PEDERNEC;France
34380;PEGAIROLLES DE BUEGES;France
34700;PEGAIROLLES DE L ESCALETTE;France
06580;PEGOMAS;France
31350;PEGUILHAN;France
52200;PEIGNEY;France
56220;PEILLAC;France
06440;PEILLE;France
06440;PEILLON;France
74250;PEILLONNEX;France
39290;PEINTRE;France
04200;PEIPIN;France
06440;PEIRA CAVA;France
73210;PEISEY NANCROIX;France
10500;PEL ET DER;France
13330;PELISSANNE;France
38970;PELLAFOL;France
05000;PELLEAUTIER;France
32420;PELLEFIGUE;France
33790;PELLEGRUE;France
31480;PELLEPORT;France
21440;PELLEREY;France
36180;PELLEVOISIN;France
49112;PELLOUAILLES LES VIGNES;France
26510;PELONNE;France
48000;PELOUSE;France
25170;PELOUSEY;France
57245;PELTRE;France
42410;PELUSSIN;France
62118;PELVES;France
05340;PELVOUX;France
77124;PENCHARD;France
29800;PENCRAN;France
80230;PENDE;France
56760;PENESTIN;France
22510;PENGUILY;France
62127;PENIN;France
76630;PENLY;France
29760;PENMARCH;France
11610;PENNAUTIER;France
81140;PENNE;France
47140;PENNE D AGENAIS;France
14600;PENNEDEPIE;France
26340;PENNES LE SEC;France
70190;PENNESIERES;France
38260;PENOL;France
87440;PENSOL;France
20290;PENTA ACQUATELLA;France
20213;PENTA DI CASINCA;France
22710;PENVENAN;France
06470;PEONE;France
11700;PEPIEUX;France
36160;PERASSAY;France
72260;PERAY;France
89260;PERCENEIGE;France
89360;PERCEY;France
70600;PERCEY LE GRAND;France
52250;PERCEY LE PAUTEL;France
52190;PERCEY SOUS MONTORMENTIER;France
32460;PERCHEDE;France
50410;PERCY;France
14270;PERCY EN AUGE;France
78200;PERDREAUVILLE;France
17700;PERE;France
65130;PERE;France
09300;PEREILLE;France
20234;PERELLI;France
59840;PERENCHIES;France
34800;PERET;France
19300;PERET BEL AIR;France
16250;PEREUIL;France
07450;PEREYRES;France
32700;PERGAIN TAILLAC;France
20167;PERI;France
50190;PERIERS;France
14160;PERIERS EN AUGE;France
14112;PERIERS SUR LE DAN;France
16250;PERIGNAC;France
17800;PERIGNAC;France
63170;PERIGNAT LES SARLIEVE;France
63800;PERIGNAT SUR ALLIER;France
79170;PERIGNE;France
42380;PERIGNEUX;France
03120;PERIGNY;France
14770;PERIGNY;France
17180;PERIGNY;France
41100;PERIGNY;France
10400;PERIGNY LA ROSE;France
94520;PERIGNY SUR YERRES;France
24000;PERIGUEUX;France
66600;PERILLOS;France
33240;PERISSAC;France
02160;PERLES;France
09110;PERLES ET CASTELET;France
46170;PERN;France
21420;PERNAND VERGELESSES;France
02200;PERNANT;France
37230;PERNAY;France
62550;PERNES;France
62126;PERNES LES BOULOGNE;France
84210;PERNES LES FONTAINES;France
80670;PERNOIS;France
20230;PERO CASEVECCHIE;France
34470;PEROLS;France
19170;PEROLS SUR VEZERE;France
01630;PERON;France
01960;PERONNAS;France
71260;PERONNE;France
80200;PERONNE;France
59273;PERONNE EN MELANTOIS;France
28140;PERONVILLE;France
01800;PEROUGES;France
90160;PEROUSE;France
60440;PEROY LES GOMBRIES;France
19310;PERPEZAC LE BLANC;France
19410;PERPEZAC LE NOIR;France
63210;PERPEZAT;France
66000;PERPIGNAN;France
66100;PERPIGNAN;France
40190;PERQUIE;France
52200;PERRANCEY LES VIEUX MOULINS;France
71420;PERRECY LES FORGES;France
22570;PERRET;France
71510;PERREUIL;France
89520;PERREUSE;France
42120;PERREUX;France
89120;PERREUX;France
01540;PERREX;France
63500;PERRIER;France
14170;PERRIERES;France
50150;PERRIERS EN BEAUFICEL;France
27170;PERRIERS LA CAMPAGNE;France
27910;PERRIERS SUR ANDELLE;France
74550;PERRIGNIER;France
39570;PERRIGNY;France
21160;PERRIGNY LES DIJON;France
89000;PERRIGNY PRES AUXERRE;France
89390;PERRIGNY SUR ARMANCON;France
21270;PERRIGNY SUR L OGNON;France
71160;PERRIGNY SUR LOIRE;France
52160;PERROGNEY LES FONTAINES;France
22700;PERROS GUIREC;France
61700;PERROU;France
70190;PERROUSE;France
58220;PERROY;France
27910;PERRUEL;France
52240;PERRUSSE;France
37600;PERRUSSON;France
15290;PERS;France
79190;PERS;France
45210;PERS EN GATINAIS;France
74930;PERS JUSSY;France
86320;PERSAC;France
95340;PERSAN;France
56160;PERSQUEN;France
80320;PERTAIN;France
08300;PERTHES;France
52100;PERTHES;France
77930;PERTHES;France
10500;PERTHES LES BRIENNE;France
14700;PERTHEVILLE NERS;France
84120;PERTUIS;France
61360;PERVENCHERES;France
82400;PERVILLE;France
46220;PESCADOIRES;France
63920;PESCHADOIRES;France
25190;PESEUX;France
39120;PESEUX;France
63580;PESLIERES;France
70140;PESMES;France
33600;PESSAC;France
33890;PESSAC SUR DORDOGNE;France
32550;PESSAN;France
25440;PESSANS;France
63200;PESSAT VILLENEUVE;France
17810;PESSINES;France
32380;PESSOULENS;France
67290;PETERSBACH;France
44670;PETIT AUVERNE;France
24600;PETIT BERSAC;France
73260;PETIT COEUR;France
76650;PETIT COURONNE;France
90130;PETIT CROIX;France
57730;PETIT EBERSVILLER;France
54260;PETIT FAILLY;France
59244;PETIT FAYT;France
68490;PETIT LANDAU;France
44390;PETIT MARS;France
10500;PETIT MESNIL;France
17150;PETIT NIORT;France
39120;PETIT NOIR;France
33570;PETIT PALAIS ET CORNEMPS;France
57410;PETIT REDERCHING;France
57660;PETIT TENQUIN;France
02630;PETIT VERLY;France
67510;PETIT WINGEN;France
54260;PETIT XIVRY;France
25240;PETITE CHAUX;France
59494;PETITE FORET;France
57540;PETITE ROSSELLE;France
59640;PETITE SYNTHE;France
90360;PETITEFONTAINE;France
90170;PETITMAGNY;France
54480;PETITMONT;France
14390;PETIVILLE;France
76330;PETIVILLE;France
85570;PETOSSE;France
20140;PETRETO BICCHISANO;France
57170;PETTONCOURT;France
54120;PETTONVILLE;France
33240;PEUJARD;France
29710;PEUMERIT;France
22480;PEUMERIT QUINTIN;France
62231;PEUPLINGUES;France
53360;PEUTON;France
55150;PEUVILLERS;France
12360;PEUX ET COUFFOULEUX;France
57340;PEVANGE;France
51140;PEVY;France
11150;PEXIORA;France
54540;PEXONNE;France
40300;PEY;France
06530;PEYMEINADE;France
13790;PEYNIER;France
13124;PEYPIN;France
84240;PEYPIN D AIGUES;France
23000;PEYRABOUT;France
87300;PEYRAT DE BELLAC;France
23130;PEYRAT LA NONIERE;France
87470;PEYRAT LE CHATEAU;France
65190;PEYRAUBE;France
07340;PEYRAUD;France
40700;PEYRE;France
32340;PEYRECAVE;France
11230;PEYREFITTE DU RAZES;France
11410;PEYREFITTE SUR L HERS;France
81440;PEYREGOUX;France
40300;PEYREHORADE;France
12720;PEYRELEAU;France
19290;PEYRELEVADE;France
64350;PEYRELONGUE ABOS;France
30160;PEYREMALE;France
11400;PEYRENS;France
66600;PEYRESTORTES;France
65230;PEYRET ST ANDRE;France
11440;PEYRIAC DE MER;France
11160;PEYRIAC MINERVOIS;France
01430;PEYRIAT;France
47350;PEYRIERE;France
01300;PEYRIEU;France
24210;PEYRIGNAC;France
65350;PEYRIGUERE;France
87510;PEYRILHAC;France
24370;PEYRILLAC ET MILLAC;France
46310;PEYRILLES;France
26380;PEYRINS;France
19260;PEYRISSAC;France
31420;PEYRISSAS;France
81310;PEYROLE;France
30124;PEYROLES;France
11190;PEYROLLES;France
13860;PEYROLLES EN PROVENCE;France
04120;PEYROULES;France
65270;PEYROUSE;France
31420;PEYROUZET;France
04310;PEYRUIS;France
65140;PEYRUN;France
26120;PEYRUS;France
15170;PEYRUSSE;France
32320;PEYRUSSE GRANDE;France
12220;PEYRUSSE LE ROC;France
32360;PEYRUSSE MASSAS;France
32230;PEYRUSSE VIEILLE;France
31390;PEYSSIES;France
24620;PEYZAC LE MOUSTIER;France
01140;PEYZIEUX SUR SAONE;France
77131;PEZARCHES;France
72140;PEZE LE ROBERT;France
34120;PEZENAS;France
34600;PEZENES LES MINES;France
11170;PEZENS;France
66730;PEZILLA DE CONFLENT;France
66370;PEZILLA LA RIVIERE;France
41100;PEZOU;France
24510;PEZULS;France
28150;PEZY;France
68250;PFAFFENHEIM;France
67350;PFAFFENHOFFEN;France
67320;PFALZWEYER;France
68120;PFASTATT;France
68480;PFETTERHOUSE;France
67370;PFETTISHEIM;France
67370;PFULGRIESHEIM;France
08800;PHADE;France
90150;PHAFFANS;France
59133;PHALEMPIN;France
57370;PHALSBOURG;France
57230;PHILIPPSBOURG;France
40320;PHILONDENX;France
54610;PHLIN;France
66380;PIA;France
72170;PIACE;France
20115;PIANA;France
20272;PIANELLO;France
20270;PIANICCIA;France
20215;PIANO;France
20131;PIANOTTOLI CALDARELLO;France
20234;PIAZZALI;France
20229;PIAZZOLE;France
57220;PIBLANGE;France
31820;PIBRAC;France
39800;PICARREAU;France
50360;PICAUVILLE;France
21120;PICHANGES;France
63113;PICHERANDE;France
80310;PICQUIGNY;France
20229;PIE D OREZZA;France
48800;PIED DE BORNE;France
20251;PIEDICORTE DI GAGGIO;France
20229;PIEDICROCE;France
20218;PIEDIGRIGGIO;France
20229;PIEDIPARTINO;France
26110;PIEGON;France
26400;PIEGROS LA CLASTRE;France
05130;PIEGUT;France
24360;PIEGUT PLUVIERS;France
27230;PIENCOURT;France
54490;PIENNES;France
80500;PIENNES ONVILLERS;France
52190;PIEPAPE;France
06260;PIERLAS;France
69310;PIERRE BENITE;France
87260;PIERRE BUFFIERE;France
38119;PIERRE CHATEL;France
71270;PIERRE DE BRESSE;France
54200;PIERRE LA TREICHE;France
77580;PIERRE LEVEE;France
51130;PIERRE MORAINS;France
54540;PIERRE PERCEE;France
89450;PIERRE PERTHUIS;France
71960;PIERRECLOS;France
70600;PIERRECOURT;France
76340;PIERRECOURT;France
52500;PIERREFAITES;France
06910;PIERREFEU;France
83390;PIERREFEU DU VAR;France
12130;PIERREFICHE;France
48300;PIERREFICHE;France
76280;PIERREFIQUES;France
19450;PIERREFITTE;France
23130;PIERREFITTE;France
79330;PIERREFITTE;France
88270;PIERREFITTE;France
14130;PIERREFITTE EN AUGE;France
60112;PIERREFITTE EN BEAUVAISIS;France
14690;PIERREFITTE EN CINGLAIS;France
45360;PIERREFITTE ES BOIS;France
65260;PIERREFITTE NESTALAS;France
55260;PIERREFITTE SUR AIRE;France
03470;PIERREFITTE SUR LOIRE;France
41300;PIERREFITTE SUR SAULDRE;France
93380;PIERREFITTE SUR SEINE;France
60350;PIERREFONDS;France
25310;PIERREFONTAINE LES BLAMONT;France
25510;PIERREFONTAINE LES VARANS;France
52160;PIERREFONTAINES;France
15230;PIERREFORT;France
80260;PIERREGOT;France
26700;PIERRELATTE;France
95480;PIERRELAYE;France
26170;PIERRELONGUE;France
02300;PIERREMANDE;France
62130;PIERREMONT;France
52500;PIERREMONT SUR AMANCE;France
02350;PIERREPONT;France
14690;PIERREPONT;France
54620;PIERREPONT;France
80500;PIERREPONT SUR AVRE;France
88600;PIERREPONT SUR L ARENTELE;France
04300;PIERRERUE;France
34360;PIERRERUE;France
14410;PIERRES;France
28130;PIERRES;France
76750;PIERREVAL;France
04860;PIERREVERT;France
50340;PIERREVILLE;France
54160;PIERREVILLE;France
57120;PIERREVILLERS;France
44290;PIERRIC;France
51530;PIERRY;France
20230;PIETRA DI VERDE;France
20233;PIETRACORBARA;France
20218;PIETRALBA;France
20200;PIETRANERA;France
20243;PIETRAPOLA;France
20251;PIETRASERENA;France
20234;PIETRICAGGIO;France
20166;PIETROSELLA;France
20242;PIETROSO;France
64410;PIETS PLASENCE MOUSTROU;France
11300;PIEUSSE;France
20258;PIEVE;France
89330;PIFFONDS;France
23340;PIGEROLLES;France
20220;PIGNA;France
34570;PIGNAN;France
83790;PIGNANS;France
02190;PIGNICOURT;France
63270;PIGNOLS;France
18110;PIGNY;France
62570;PIHEM;France
62340;PIHEN LES GUINES;France
20123;PILA CANALE;France
16390;PILLAC;France
39300;PILLEMOINE;France
55230;PILLON;France
40320;PIMBO;France
89740;PIMELLES;France
39270;PIMORIN;France
60170;PIMPREZ;France
70150;PIN;France
31130;PIN BALMA;France
48100;PIN MORIES;France
65300;PINAS;France
42590;PINAY;France
72300;PINCE;France
47700;PINDERES;France
86500;PINDRAY;France
47380;PINEL HAUTERIVE;France
34850;PINET;France
33220;PINEUILH;France
10220;PINEY;France
20228;PINO;France
43300;PINOLS;France
02320;PINON;France
69440;PINS;France
31860;PINS JUSTARET;France
46200;PINSAC;France
31120;PINSAGUEL;France
38580;PINSOT;France
65320;PINTAC;France
27400;PINTERVILLE;France
55160;PINTHEVILLE;France
20234;PIOBETTA;France
20259;PIOGGIOLA;France
84420;PIOLENC;France
23140;PIONNAT;France
63330;PIONSAT;France
79110;PIOUSSAY;France
35550;PIPRIAC;France
82130;PIQUECOS;France
01270;PIRAJOUX;France
35150;PIRE SUR SEICHE;France
25480;PIREY;France
44420;PIRIAC SUR MER;France
72430;PIRMIL;France
50770;PIROU;France
32500;PIS;France
17600;PISANY;France
95350;PISCOP;France
27130;PISEUX;France
38270;PISIEU;France
60860;PISSELEU;France
02600;PISSELEUX;France
52500;PISSELOUP;France
40410;PISSOS;France
85200;PISSOTTE;France
80540;PISSY;France
76360;PISSY POVILLE;France
89420;PISY;France
59284;PITGAM;France
45300;PITHIVIERS;France
45300;PITHIVIERS LE VIEIL;France
02480;PITHON;France
27590;PITRES;France
62126;PITTEFAUX;France
26300;PIZANCON;France
01120;PIZAY;France
72600;PIZIEUX;France
29860;PLABENNEC;France
53240;PLACE;France
25170;PLACEY;France
80160;PLACHY BUYON;France
14220;PLACY;France
50160;PLACY MONTAIGU;France
01130;PLAGNE;France
31220;PLAGNE;France
31370;PLAGNOLE;France
58000;PLAGNY;France
11420;PLAIGNE;France
60128;PLAILLY;France
25210;PLAIMBOIS DU MIROIR;France
25390;PLAIMBOIS VENNES;France
18340;PLAIMPIED GIVAUDINS;France
67420;PLAINE;France
57870;PLAINE DE WALSCH;France
22800;PLAINE HAUTE;France
70800;PLAINEMONT;France
10250;PLAINES ST LANGE;France
88230;PLAINFAING;France
39210;PLAINOISEAU;France
22940;PLAINTEL;France
60130;PLAINVAL;France
27300;PLAINVILLE;France
60120;PLAINVILLE;France
12550;PLAISANCE;France
24560;PLAISANCE;France
32160;PLAISANCE;France
34610;PLAISANCE;France
86500;PLAISANCE;France
31830;PLAISANCE DU TOUCH;France
39270;PLAISIA;France
26170;PLAISIANS;France
78370;PLAISIR;France
34230;PLAISSAN;France
16170;PLAIZAC;France
38590;PLAN;France
83640;PLAN D AUPS STE BAUME;France
13750;PLAN D ORGON;France
26400;PLAN DE BAIX;France
13170;PLAN DE CAMPAGNE;France
13380;PLAN DE CUQUES;France
83120;PLAN DE LA TOUR;France
06670;PLAN DU VAR;France
13980;PLAN MARSEILLAIS;France
73800;PLANAISE;France
21500;PLANAY;France
73350;PLANAY;France
70290;PLANCHER BAS;France
70290;PLANCHER LES MINES;France
73200;PLANCHERINE;France
61370;PLANCHES;France
58230;PLANCHEZ;France
22130;PLANCOET;France
10380;PLANCY L ABBAYE;France
66210;PLANES;France
66720;PLANEZES;France
42660;PLANFOY;France
22400;PLANGUENOUAL;France
46100;PLANIOLES;France
14490;PLANQUERY;France
62310;PLANQUES;France
52220;PLANRUPT;France
10160;PLANTY;France
07230;PLANZOLLES;France
57050;PLAPPEVILLE;France
06130;PLASCASSIER;France
39210;PLASNE;France
27300;PLASNES;France
17240;PLASSAC;France
33390;PLASSAC;France
16250;PLASSAC ROUFFIAC;France
17250;PLASSAY;France
74480;PLATEAU D ASSY;France
07300;PLATS;France
56420;PLAUDREN;France
63730;PLAUZAT;France
11270;PLAVILLA;France
24580;PLAZAC;France
15700;PLEAUX;France
22550;PLEBOULLE;France
35470;PLECHATEL;France
22270;PLEDELIAC;France
22960;PLEDRAN;France
22290;PLEGUIEN;France
22290;PLEHEDEL;France
35610;PLEINE FOUGERES;France
02240;PLEINE SELVE;France
76460;PLEINE SEVE;France
14380;PLEINES OEUVRES;France
33820;PLEINESELVE;France
35380;PLELAN LE GRAND;France
22980;PLELAN LE PETIT;France
22570;PLELAUFF;France
22170;PLELO;France
22210;PLEMET;France
22150;PLEMY;France
22640;PLENEE JUGON;France
22370;PLENEUF VAL ANDRE;France
39250;PLENISE;France
39250;PLENISETTE;France
35540;PLERGUER;France
22190;PLERIN;France
22170;PLERNEUF;France
56890;PLESCOP;France
35720;PLESDER;France
22720;PLESIDY;France
22490;PLESLIN TRIGAVOU;France
57140;PLESNOIS;France
52360;PLESNOY;France
22330;PLESSALA;France
44630;PLESSE;France
10400;PLESSIS BARBUISE;France
60310;PLESSIS DE ROYE;France
89260;PLESSIS DU MEE;France
91410;PLESSIS ST BENOIST;France
89140;PLESSIS ST JEAN;France
22650;PLESSIX BALISSON;France
22640;PLESTAN;France
22310;PLESTIN LES GREVES;France
22610;PLEUBIAN;France
56140;PLEUCADEUC;France
22740;PLEUDANIEL;France
22690;PLEUDIHEN SUR RANCE;France
56120;PLEUGRIFFET;France
35720;PLEUGUENEUC;France
86450;PLEUMARTIN;France
35137;PLEUMELEUC;France
22560;PLEUMEUR BODOU;France
22740;PLEUMEUR GAUTIER;France
39120;PLEURE;France
51230;PLEURS;France
35730;PLEURTUIT;France
29170;PLEUVEN;France
88170;PLEUVEZAIN;France
16490;PLEUVILLE;France
22130;PLEVEN;France
22240;PLEVENON;France
22340;PLEVIN;France
29190;PLEYBEN;France
29410;PLEYBER CHRIST;France
79190;PLIBOUX;France
51300;PLICHANCOURT;France
32340;PLIEUX;France
51150;PLIVOT;France
29740;PLOBANNALEC;France
67115;PLOBSHEIM;France
56400;PLOEMEL;France
56270;PLOEMEUR;France
56160;PLOERDUT;France
56880;PLOEREN;France
56800;PLOERMEL;France
22150;PLOEUC SUR LIE;France
29550;PLOEVEN;France
22260;PLOEZAL;France
29710;PLOGASTEL ST GERMAIN;France
29770;PLOGOFF;France
29180;PLOGONNEC;France
02200;PLOISY;France
50870;PLOMB;France
88370;PLOMBIERES LES BAINS;France
21370;PLOMBIERES LES DIJON;France
29700;PLOMELIN;France
29120;PLOMEUR;France
02140;PLOMION;France
29550;PLOMODIERN;France
29710;PLONEIS;France
29720;PLONEOUR LANVERN;France
29530;PLONEVEZ DU FAOU;France
29550;PLONEVEZ PORZAY;France
22130;PLOREC SUR ARGUENON;France
71700;PLOTTES;France
18290;PLOU;France
22170;PLOUAGAT;France
22420;PLOUARET;France
29810;PLOUARZEL;France
22830;PLOUASNE;France
56240;PLOUAY;France
22650;PLOUBALAY;France
22620;PLOUBAZLANEC;France
22300;PLOUBEZRE;France
29830;PLOUDALMEZEAU;France
29260;PLOUDANIEL;France
29800;PLOUDIRY;France
22260;PLOUEC DU TRIEUX;France
29800;PLOUEDERN;France
29620;PLOUEGAT GUERAND;France
29650;PLOUEGAT MOYSAN;France
29420;PLOUENAN;France
22490;PLOUER SUR RANCE;France
29430;PLOUESCAT;France
22470;PLOUEZEC;France
29252;PLOUEZOCH;France
22440;PLOUFRAGAN;France
29440;PLOUGAR;France
29630;PLOUGASNOU;France
29470;PLOUGASTEL DAOULAS;France
29217;PLOUGONVELIN;France
29640;PLOUGONVEN;France
22810;PLOUGONVER;France
29250;PLOUGOULM;France
56400;PLOUGOUMELEN;France
29400;PLOUGOURVEST;France
22780;PLOUGRAS;France
22820;PLOUGRESCANT;France
22150;PLOUGUENAST;France
29880;PLOUGUERNEAU;France
22110;PLOUGUERNEVEL;France
22220;PLOUGUIEL;France
29830;PLOUGUIN;France
22580;PLOUHA;France
56340;PLOUHARNEL;France
29780;PLOUHINEC;France
56680;PLOUHINEC;France
29260;PLOUIDER;France
29610;PLOUIGNEAU;France
22200;PLOUISY;France
22300;PLOULEC H;France
22970;PLOUMAGOAR;France
22700;PLOUMANACH;France
22300;PLOUMILLIAU;France
29810;PLOUMOGUER;France
29410;PLOUNEOUR MENEZ;France
29890;PLOUNEOUR TREZ;France
22780;PLOUNERIN;France
29400;PLOUNEVENTER;France
29430;PLOUNEVEZ LOCHRIST;France
22810;PLOUNEVEZ MOEDEC;France
22110;PLOUNEVEZ QUINTIN;France
29270;PLOUNEVEZEL;France
22160;PLOURAC H;France
56770;PLOURAY;France
22410;PLOURHAN;France
29830;PLOURIN;France
29600;PLOURIN LES MORLAIX;France
22860;PLOURIVO;France
62118;PLOUVAIN;France
22170;PLOUVARA;France
29860;PLOUVIEN;France
29420;PLOUVORN;France
29690;PLOUYE;France
29280;PLOUZANE;France
22420;PLOUZELAMBRE;France
29440;PLOUZEVEDE;France
29720;PLOVAN;France
02860;PLOYART ET VAURSEINE;France
29710;PLOZEVET;France
22290;PLUDUAL;France
22130;PLUDUNO;France
22310;PLUFUR;France
29700;PLUGUFFAN;France
56220;PLUHERLIN;France
22350;PLUMAUDAN;France
22250;PLUMAUGAT;France
56420;PLUMELEC;France
56930;PLUMELIAU;France
56500;PLUMELIN;France
56400;PLUMERGAT;France
14440;PLUMETOT;France
22210;PLUMIEUX;France
39700;PLUMONT;France
56400;PLUNERET;France
22240;PLURIEN;France
22160;PLUSQUELLEC;France
22320;PLUSSULIEN;France
21110;PLUVAULT;France
21110;PLUVET;France
56330;PLUVIGNER;France
22140;PLUZUNET;France
51130;POCANCY;France
35500;POCE LES BOIS;France
37530;POCE SUR CISSE;France
33720;PODENSAC;France
80240;POEUILLY;France
64400;POEY D OLORON;France
64230;POEY DE LESCAR;France
03800;POEZAT;France
20232;POGGIO D OLETTA;France
20250;POGGIO DE VENACO;France
20240;POGGIO DI NAZZA;France
20250;POGGIO DI VENACO;France
20237;POGGIO MARINACCIO;France
20230;POGGIO MEZZANA;France
20125;POGGIOLO;France
51240;POGNY;France
39570;POIDS DE FIOLE;France
77160;POIGNY;France
78125;POIGNY LA FORET;France
58170;POIL;France
08190;POILCOURT SYDNEY;France
34310;POILHES;France
72350;POILLE SUR VEGRE;France
35420;POILLEY;France
50220;POILLEY;France
51170;POILLY;France
45500;POILLY LEZ GIEN;France
89310;POILLY SUR SEREIN;France
89110;POILLY SUR THOLON;France
89800;POINCHY;France
21330;POINCON LES LARREY;France
77470;POINCY;France
52160;POINSENOT;France
52500;POINSON LES FAYL;France
52160;POINSON LES GRANCEY;France
52800;POINSON LES NOGENT;France
61220;POINTEL;France
31210;POINTIS DE RIVIERE;France
31800;POINTIS INARD;France
39290;POINTRE;France
25440;POINTVILLERS;France
28310;POINVILLE;France
85440;POIROUX;France
38320;POISAT;France
52360;POISEUL;France
21440;POISEUL LA GRANGE;France
21450;POISEUL LA VILLE ET LAPERRIERE;France
21120;POISEUL LES SAULX;France
58130;POISEUX;France
18290;POISIEUX;France
39160;POISOUX;France
71600;POISSON;France
52230;POISSONS;France
78300;POISSY;France
28300;POISVILLIERS;France
74330;POISY;France
86000;POITIERS;France
10700;POIVRES;France
51460;POIX;France
80290;POIX DE PICARDIE;France
59218;POIX DU NORD;France
08430;POIX TERRON;France
70210;POLAINCOURT ET CLAIREFONTAINE;France
31430;POLASTRON;France
32130;POLASTRON;France
69250;POLEYMIEUX AU MONT D OR;France
38210;POLIENAS;France
17210;POLIGNAC;France
43770;POLIGNAC;France
35320;POLIGNE;France
05500;POLIGNY;France
10110;POLIGNY;France
39800;POLIGNY;France
77167;POLIGNY;France
62370;POLINCOVE;France
10110;POLISOT;France
10110;POLISY;France
66450;POLLESTRES;France
01310;POLLIAT;France
01350;POLLIEU;France
69290;POLLIONNAY;France
15800;POLMINHAC;France
20229;POLVEROSO;France
51110;POMACLE;France
46250;POMAREDE;France
40360;POMAREZ;France
11250;POMAS;France
12130;POMAYROLS;France
69690;POMERIEUX;France
69560;POMERIEUX;France
33500;POMEROL;France
34810;POMEROLS;France
69590;POMEYS;France
21630;POMMARD;France
62760;POMMERA;France
22120;POMMERET;France
59360;POMMEREUIL;France
76440;POMMEREUX;France
76680;POMMEREVAL;France
53400;POMMERIEUX;France
57420;POMMERIEUX;France
22450;POMMERIT JAUDY;France
22200;POMMERIT LE VICOMTE;France
26470;POMMEROL;France
77515;POMMEUSE;France
82400;POMMEVIC;France
62111;POMMIER;France
38260;POMMIER DE BEAUREPAIRE;France
02200;POMMIERS;France
30120;POMMIERS;France
36190;POMMIERS;France
42260;POMMIERS;France
69480;POMMIERS;France
38340;POMMIERS LA PLACETTE;France
17130;POMMIERS MOULONS;France
70240;POMOY;France
79200;POMPAIRE;France
44410;POMPAS;France
33730;POMPEJAC;France
31450;POMPERTUZAT;France
54340;POMPEY;France
32130;POMPIAC;France
88300;POMPIERRE;France
25340;POMPIERRE SUR DOUBS;France
47230;POMPIEY;France
33370;POMPIGNAC;France
30170;POMPIGNAN;France
82170;POMPIGNAN;France
47420;POMPOGNE;France
77400;POMPONNE;France
24240;POMPORT;France
64370;POMPS;France
11300;POMY;France
72340;PONCE SUR LE LOIR;France
21130;PONCEY LES ATHEE;France
21440;PONCEY SUR L IGNON;France
80150;PONCHES ESTRUVAL;France
60430;PONCHON;France
01450;PONCIN;France
42110;PONCINS;France
33190;PONDAURAT;France
26150;PONET ET ST AUBAN;France
31210;PONLAT TAILLEBOURG;France
12140;PONS;France
17800;PONS;France
32300;PONSAMPERE;France
32300;PONSAN SOUBIRAN;France
26240;PONSAS;France
64460;PONSON DEBAT POUTS;France
64460;PONSON DESSUS;France
38350;PONSONNAS;France
21130;PONT;France
08160;PONT A BAR;France
02270;PONT A BUCY;France
59710;PONT A MARCQ;France
54700;PONT A MOUSSON;France
62880;PONT A VENDIN;France
02160;PONT ARCY;France
27500;PONT AUDEMER;France
27290;PONT AUTHOU;France
45430;PONT AUX MOINES;France
29930;PONT AVEN;France
14380;PONT BELLANGER;France
29790;PONT CROIX;France
01160;PONT D AIN;France
62610;PONT D ARDRES;France
44410;PONT D ARMES;France
30570;PONT D HERAULT;France
30440;PONT D HERAULT;France
39110;PONT D HERY;France
14690;PONT D OUILLY;France
26160;PONT DE BARRET;France
72310;PONT DE BRAYE;France
62360;PONT DE BRIQUES;France
62360;PONT DE BRIQUES ST ETIENNE;France
29590;PONT DE BUIS LES QUIMERCH;France
38230;PONT DE CHERUY;France
63920;PONT DE DORE;France
27340;PONT DE L ARCHE;France
13360;PONT DE L ETOILE;France
26600;PONT DE L ISERE;France
33140;PONT DE LA MAYE;France
07380;PONT DE LABEAUME;France
81660;PONT DE LARN;France
80480;PONT DE METZ;France
21410;PONT DE PANY;France
39130;PONT DE POITTE;France
30450;PONT DE RASTEL;France
25150;PONT DE ROIDE;France
37260;PONT DE RUAN;France
12290;PONT DE SALARS;France
01190;PONT DE VAUX;France
01290;PONT DE VEYLE;France
70210;PONT DU BOIS;France
47480;PONT DU CASSE;France
63430;PONT DU CHATEAU;France
39300;PONT DU NAVOY;France
38680;PONT EN ROYANS;France
21140;PONT ET MASSENE;France
38780;PONT EVEQUE;France
14380;PONT FARCY;France
50880;PONT HEBERT;France
44310;PONT JAMES;France
29120;PONT L ABBE;France
17250;PONT L ABBE D ARNOULT;France
14130;PONT L EVEQUE;France
60400;PONT L EVEQUE;France
52120;PONT LA VILLE;France
88260;PONT LES BONFAYS;France
25110;PONT LES MOULINS;France
22390;PONT MELVEZ;France
80115;PONT NOYELLES;France
35131;PONT PEAN;France
35580;PONT REAN;France
35170;PONT REAN;France
80580;PONT REMY;France
44400;PONT ROUSSEAU;France
43330;PONT SALOMON;France
56620;PONT SCORFF;France
30130;PONT ST ESPRIT;France
02380;PONT ST MARD;France
44860;PONT ST MARTIN;France
27360;PONT ST PIERRE;France
54550;PONT ST VINCENT;France
10150;PONT STE MARIE;France
60700;PONT STE MAXENCE;France
70110;PONT SUR L OGNON;France
88500;PONT SUR MADON;France
55200;PONT SUR MEUSE;France
59138;PONT SUR SAMBRE;France
10400;PONT SUR SEINE;France
89190;PONT SUR VANNE;France
89140;PONT SUR YONNE;France
69240;PONT TRAMBOUZE;France
64530;PONTACQ;France
21270;PONTAILLER SUR SAONE;France
26150;PONTAIX;France
73300;PONTAMAFREY MONTPASCAL;France
71570;PONTANEVAUX;France
23250;PONTARION;France
25300;PONTARLIER;France
60520;PONTARME;France
50220;PONTAUBAULT;France
89200;PONTAUBERT;France
77340;PONTAULT COMBAULT;France
63380;PONTAUMUR;France
02160;PONTAVERT;France
77135;PONTCARRE;France
70360;PONTCEY;France
61120;PONTCHARDON;France
38530;PONTCHARRA;France
69490;PONTCHARRA SUR TURDINE;France
23260;PONTCHARRAUD;France
44160;PONTCHATEAU;France
46150;PONTCIRQ;France
20218;PONTE LECCIA;France
14110;PONTECOULANT;France
66300;PONTEILLA;France
30450;PONTEILS ET BRESIS;France
40200;PONTENX LES FORGES;France
83670;PONTEVES;France
24410;PONTEYRAUD;France
51490;PONTFAVERGER MORONVILLIERS;France
63230;PONTGIBAUD;France
28190;PONTGOUIN;France
78730;PONTHEVRARD;France
77310;PONTHIERRY;France
51300;PONTHION;France
80860;PONTHOILE;France
39170;PONTHOUX;France
64460;PONTIACQ VIELLEPINTE;France
49150;PONTIGNE;France
89230;PONTIGNY;France
05160;PONTIS;France
56300;PONTIVY;France
41400;PONTLEVOY;France
53220;PONTMAIN;France
95300;PONTOISE;France
60400;PONTOISE LES NOYON;France
40465;PONTONX SUR L ADOUR;France
50170;PONTORSON;France
24150;PONTOURS;France
71270;PONTOUX;France
57420;PONTOY;France
57380;PONTPIERRE;France
60700;PONTPOINT;France
22260;PONTRIEUX;France
02490;PONTRU;France
02490;PONTRUET;France
50300;PONTS;France
76260;PONTS ET MARAIS;France
72510;PONTVALLAIN;France
34230;POPIAN;France
20218;POPOLASCA;France
56380;PORCARO;France
57890;PORCELETTE;France
33660;PORCHERES;France
16250;PORCHERESSE;France
60390;PORCHEUX;France
78440;PORCHEVILLE;France
38390;PORCIEU AMBLAGNIEU;France
22590;PORDIC;France
20290;PORETTA;France
44210;PORNIC;France
44380;PORNICHET;France
60400;PORQUERICOURT;France
83400;PORQUEROLLES;France
20215;PORRI;France
29840;PORSPODER;France
01460;PORT;France
51700;PORT A BINSON;France
66420;PORT BARCARES;France
22710;PORT BLANC;France
53410;PORT BRILLET;France
30240;PORT CAMARGUE;France
83400;PORT CROS;France
70160;PORT D ATELIER;France
17350;PORT D ENVAUX;France
13110;PORT DE BOUC;France
40300;PORT DE LANNE;France
86220;PORT DE PILES;France
17730;PORT DES BARQUES;France
14520;PORT EN BESSIN HUPPAIN;France
83310;PORT GRIMAUD;France
85350;PORT JOINVILLE;France
11210;PORT LA NOUVELLE;France
29150;PORT LAUNAY;France
80132;PORT LE GRAND;France
39330;PORT LESNEY;France
11370;PORT LEUCATE;France
56290;PORT LOUIS;France
29920;PORT MANECH;France
27940;PORT MORT;France
56640;PORT NAVALO;France
13230;PORT ST LOUIS DU RHONE;France
44710;PORT ST PERE;France
33220;PORT STE FOY ET PONCHAPT;France
33220;PORT STE FOY PONCHAPT;France
47130;PORT STE MARIE;France
70170;PORT SUR SAONE;France
54700;PORT SUR SEILLE;France
66660;PORT VENDRES;France
78270;PORT VILLEZ;France
66760;PORTA;France
50580;PORTBAIL;France
27430;PORTE JOIE;France
66760;PORTE PUYMORENS;France
11490;PORTEL DES CORBIERES;France
27190;PORTES;France
30530;PORTES;France
26160;PORTES EN VALDAINE;France
26800;PORTES LES VALENCE;France
64330;PORTET;France
31160;PORTET D ASPET;France
31110;PORTET DE LUCHON;France
31120;PORTET SUR GARONNE;France
33640;PORTETS;France
20166;PORTICCIO;France
88330;PORTIEUX;France
34420;PORTIRAGNES;France
20150;PORTO;France
20140;PORTO POLLO;France
20137;PORTO VECCHIO;France
37800;PORTS SUR VIENNE;France
29830;PORTSALL;France
21350;POSANGES;France
27740;POSES;France
51330;POSSESSE;France
57930;POSTROFF;France
51260;POTANGIS;France
30500;POTELIERES;France
59530;POTELLE;France
21400;POTHIERES;France
14420;POTIGNY;France
80190;POTTE;France
10700;POUAN LES VALLEES;France
86120;POUANCAY;France
49420;POUANCE;France
86200;POUANT;France
31110;POUBEAU;France
31370;POUCHARRAMET;France
65240;POUCHERGUES;France
47170;POUDENAS;France
40700;POUDENX;France
81700;POUDIS;France
65100;POUEYFERRE;France
79500;POUFFONDS;France
30330;POUGNADORESSE;France
16700;POUGNE;France
79130;POUGNE HERISSON;France
01550;POUGNY;France
58200;POUGNY;France
58320;POUGUES LES EAUX;France
10240;POUGY;France
17210;POUILLAC;France
01250;POUILLAT;France
41110;POUILLE;France
85570;POUILLE;France
86800;POUILLE;France
44522;POUILLE LES COTEAUX;France
21150;POUILLENAY;France
25410;POUILLEY FRANCAIS;France
25115;POUILLEY LES VIGNES;France
40350;POUILLON;France
51220;POUILLON;France
71230;POUILLOUX;France
57420;POUILLY;France
60790;POUILLY;France
21320;POUILLY EN AUXOIS;France
52400;POUILLY EN BASSIGNY;France
69400;POUILLY LE MONIAL;France
42110;POUILLY LES FEURS;France
42155;POUILLY LES NONAINS;France
42720;POUILLY SOUS CHARLIEU;France
58150;POUILLY SUR LOIRE;France
55700;POUILLY SUR MEUSE;France
21250;POUILLY SUR SAONE;France
02270;POUILLY SUR SERRE;France
21610;POUILLY SUR VINGEANNE;France
34700;POUJOLS;France
36210;POULAINES;France
80260;POULAINVILLE;France
81120;POULAN POUZOLS;France
52800;POULANGY;France
53640;POULAY;France
29100;POULDERGAT;France
22450;POULDOURAN;France
29710;POULDREUZIC;France
69870;POULE LES ECHARMEAUX;France
64410;POULIACQ;France
25640;POULIGNEY LUSANS;France
36160;POULIGNY NOTRE DAME;France
36160;POULIGNY ST MARTIN;France
36300;POULIGNY ST PIERRE;France
29100;POULLAN SUR MER;France
29246;POULLAOUEN;France
16190;POULLIGNAC;France
30320;POULX;France
65190;POUMAROUS;France
82120;POUPAS;France
28140;POUPRY;France
58140;POUQUES LORMES;France
48800;POURCHARESSES;France
07000;POURCHERES;France
83470;POURCIEUX;France
51480;POURCY;France
71270;POURLANS;France
57420;POURNOY LA CHETIVE;France
57420;POURNOY LA GRASSE;France
89240;POURRAIN;France
83910;POURRIERES;France
16700;POURSAC;France
17400;POURSAY GARNAUD;France
64410;POURSIUGUES BOUCOUE;France
08140;POURU AUX BOIS;France
08140;POURU ST REMY;France
34560;POUSSAN;France
23500;POUSSANGES;France
88500;POUSSAY;France
58500;POUSSEAUX;France
47700;POUSSIGNAC;France
14540;POUSSY LA CAMPAGNE;France
12380;POUSTHOMY;France
67420;POUTAY;France
61130;POUVRAI;France
88550;POUXEUX;France
65230;POUY;France
31430;POUY DE TOUGES;France
32260;POUY LOUBRIN;France
32480;POUY ROQUELAURE;France
10290;POUY SUR VANNES;France
65350;POUYASTRUC;France
40120;POUYDESSEAUX;France
32290;POUYDRAGUIN;France
32320;POUYLEBON;France
65200;POUZAC;France
85700;POUZAUGES;France
37800;POUZAY;France
31450;POUZE;France
30210;POUZILHAC;France
86300;POUZIOUX;France
86580;POUZIOUX LA JARRIE;France
63440;POUZOL;France
34480;POUZOLLES;France
34230;POUZOLS;France
11120;POUZOLS MINERVOIS;France
03320;POUZY MESANGY;France
40380;POYANNE;France
70100;POYANS;France
40380;POYARTIN;France
26310;POYOLS;France
80300;POZIERES;France
04400;PRA LOUP;France
26340;PRADELLE;France
43420;PRADELLES;France
59190;PRADELLES;France
11380;PRADELLES CABARDES;France
11220;PRADELLES EN VAL;France
31530;PRADERE LES BOURGUETS;France
07380;PRADES;France
09110;PRADES;France
43300;PRADES;France
48210;PRADES;France
66500;PRADES;France
81220;PRADES;France
12470;PRADES D AUBRAC;France
34730;PRADES LE LEZ;France
12290;PRADES SALARS;France
34360;PRADES SUR VERNAZOBRE;France
09600;PRADETTES;France
09000;PRADIERES;France
15160;PRADIERS;France
12240;PRADINAS;France
19170;PRADINES;France
42630;PRADINES;France
46090;PRADINES;France
07120;PRADONS;France
04420;PRADS HAUTE BLEONE;France
79230;PRAHECQ;France
79370;PRAILLES;France
73710;PRALOGNAN LA VANOISE;France
21410;PRALON;France
42600;PRALONG;France
52190;PRANGEY;France
07000;PRANLES;France
16110;PRANZAC;France
38190;PRAPOUTEL;France
52160;PRASLAY;France
10210;PRASLIN;France
28150;PRASVILLE;France
22140;PRAT;France
09160;PRAT BONREPAUX;France
09400;PRAT COMMUNAL;France
20218;PRATO DI GIOVELLINA;France
24370;PRATS DE CARLUX;France
66230;PRATS DE MOLLO LA PRESTE;France
66730;PRATS DE SOURNIA;France
24550;PRATS DU PERIGORD;France
81500;PRATVIEL;France
39170;PRATZ;France
52330;PRATZ;France
52190;PRAUTHOY;France
41190;PRAY;France
54116;PRAYE;France
09000;PRAYOLS;France
46220;PRAYSSAC;France
47360;PRAYSSAS;France
74480;PRAZ COUTANT;France
74120;PRAZ SUR ARLY;France
53140;PRE EN PAIL;France
28800;PRE ST EVROULT;France
28800;PRE ST MARTIN;France
07290;PREAUX;France
36240;PREAUX;France
53340;PREAUX;France
76160;PREAUX;France
77710;PREAUX;France
14210;PREAUX BOCAGE;France
61340;PREAUX DU PERCHE;France
14290;PREAUX ST SEBASTIEN;France
38710;PREBOIS;France
50220;PRECEY;France
32390;PRECHAC;France
33730;PRECHAC;France
65400;PRECHAC;France
32160;PRECHAC SUR ADOUR;France
64190;PRECHACQ JOSBAIG;France
40465;PRECHACQ LES BAINS;France
64190;PRECHACQ NAVARRENX;France
42600;PRECIEUX;France
72300;PRECIGNE;France
64400;PRECILHON;France
50810;PRECORBIN;France
18140;PRECY;France
89440;PRECY LE SEC;France
10500;PRECY NOTRE DAME;France
21390;PRECY SOUS THIL;France
10500;PRECY ST MARTIN;France
77410;PRECY SUR MARNE;France
60460;PRECY SUR OISE;France
89116;PRECY SUR VRIN;France
62134;PREDEFIN;France
44770;PREFAILLES;France
45490;PREFONTAINES;France
89460;PREGILBERT;France
17460;PREGUILLAC;France
89800;PREHY;France
33210;PREIGNAC;France
32810;PREIGNAN;France
70120;PREIGNEY;France
11250;PREIXAN;France
39220;PREMANON;France
21700;PREMEAUX PRISSEY;France
58700;PREMERY;France
59840;PREMESQUES;France
01300;PREMEYZEL;France
34390;PREMIAN;France
21110;PREMIERES;France
10170;PREMIERFAIT;France
03410;PREMILHAT;France
01510;PREMILLIEU;France
02110;PREMONT;France
02320;PREMONTRE;France
46270;PRENDEIGNES;France
32190;PRENERON;France
21370;PRENOIS;France
41240;PRENOUVELLON;France
39150;PRENOVEL;France
54530;PRENY;France
58360;PREPORCHE;France
61190;PREPOTIN;France
43150;PRESAILLES;France
59990;PRESEAU;France
25550;PRESENTEVILLERS;France
31570;PRESERVILLE;France
39270;PRESILLY;France
74160;PRESILLY;France
70230;PRESLE;France
73110;PRESLE;France
14410;PRESLES;France
38680;PRESLES;France
95590;PRESLES;France
77220;PRESLES EN BRIE;France
02370;PRESLES ET BOVES;France
02860;PRESLES ET THIERNY;France
18380;PRESLY;France
45260;PRESNOY;France
86460;PRESSAC;France
27510;PRESSAGNY L ORGUEILLEUX;France
01370;PRESSIAT;France
16150;PRESSIGNAC;France
24150;PRESSIGNAC VICQ;France
52500;PRESSIGNY;France
79390;PRESSIGNY;France
45290;PRESSIGNY LES PINS;France
38480;PRESSINS;France
62550;PRESSY;France
71220;PRESSY SOUS DONDIN;France
39110;PRETIN;France
50250;PRETOT STE SUZANNE;France
76560;PRETOT VICQUEMARE;France
14140;PRETREVILLE;France
71290;PRETY;France
55250;PRETZ EN ARGONNE;France
18120;PREUILLY;France
36220;PREUILLY LA VILLE;France
37290;PREUILLY SUR CLAISE;France
62650;PREURES;France
67250;PREUSCHDORF;France
76660;PREUSEVILLE;France
54490;PREUTIN HIGNY;France
59288;PREUX AU BOIS;France
59144;PREUX AU SART;France
72400;PREVAL;France
72110;PREVELLES;France
48800;PREVENCHERES;France
18370;PREVERANGES;France
01280;PREVESSIN MOENS;France
60360;PREVILLERS;France
12350;PREVINQUIERES;France
57590;PREVOCOURT;France
27220;PREY;France
88600;PREY;France
24160;PREYSSAC D EXCIDEUIL;France
08290;PREZ;France
52700;PREZ SOUS LAFAUCHE;France
52170;PREZ SUR MARNE;France
79210;PRIAIRES;France
01160;PRIAY;France
02470;PRIEZ;France
17160;PRIGNAC;France
33340;PRIGNAC EN MEDOC;France
33710;PRIGNAC ET MARCAMPS;France
24130;PRIGONRIEUX;France
38270;PRIMARETTE;France
08250;PRIMAT;France
29630;PRIMEL TREGASTEL;France
29770;PRIMELIN;France
18400;PRIMELLES;France
79210;PRIN DEYRANCON;France
86420;PRINCAY;France
35210;PRINCE;France
51300;PRINGY;France
74370;PRINGY;France
77310;PRINGY;France
44260;PRINQUIAU;France
48100;PRINSUEJOLS;France
67490;PRINTZHEIM;France
02140;PRISCES;France
59550;PRISCHES;France
36370;PRISSAC;France
71960;PRISSE;France
79360;PRISSE;France
79360;PRISSE LA CHARRIERE;France
21700;PRISSEY;France
07000;PRIVAS;France
12350;PRIVEZAC;France
08000;PRIX LES MEZIERES;France
56320;PRIZIAC;France
71610;PRIZY;France
24200;PROISSANS;France
02120;PROISY;France
02120;PROIX;France
32400;PROJAN;France
46260;PROMILHANES;France
63200;PROMPSAT;France
63470;PRONDINES;France
60190;PRONLEROY;France
62860;PRONVILLE;France
26170;PROPIAC;France
69790;PROPIERES;France
20110;PROPRIANO;France
51400;PROSNES;France
28410;PROUAIS;France
51140;PROUILLY;France
31360;PROUPIARY;France
14110;PROUSSY;France
02190;PROUVAIS;France
80370;PROUVILLE;France
59121;PROUVY;France
80160;PROUZEL;France
27150;PROVEMONT;France
25380;PROVENCHERE;France
70170;PROVENCHERE;France
88260;PROVENCHERES LES DARNEY;France
88490;PROVENCHERES SUR FAVE;France
52320;PROVENCHERES SUR MARNE;France
52140;PROVENCHERES SUR MEUSE;France
89200;PROVENCY;France
10200;PROVERVILLE;France
38120;PROVEYSIEUX;France
59267;PROVILLE;France
59185;PROVIN;France
77160;PROVINS;France
02190;PROVISEUX ET PLESNOY;France
08270;PROVISY;France
80121;PROYART;France
28270;PRUDEMANCHE;France
46130;PRUDHOMAT;France
66220;PRUGNANES;France
10190;PRUGNY;France
49220;PRUILLE;France
72150;PRUILLE L EGUILLE;France
72700;PRUILLE LE CHETIF;France
12320;PRUINES;France
51360;PRUNAY;France
10350;PRUNAY BELLEVILLE;France
41310;PRUNAY CASSEREAU;France
78660;PRUNAY EN YVELINES;France
28360;PRUNAY LE GILLON;France
78910;PRUNAY LE TEMPLE;France
91720;PRUNAY SUR ESSONNE;France
20290;PRUNELLI DI CASACCONI;France
20243;PRUNELLI DI FIUMORBO;France
07110;PRUNET;France
15130;PRUNET;France
31460;PRUNET;France
66130;PRUNET ET BELPUIG;France
20221;PRUNETE;France
05230;PRUNIERES;France
38350;PRUNIERES;France
48200;PRUNIERES;France
36120;PRUNIERS;France
41200;PRUNIERS EN SOLOGNE;France
20264;PRUNO;France
89120;PRUNOY;France
21400;PRUSLY SUR OURCE;France
10210;PRUSY;France
71570;PRUZILLY;France
67290;PUBERG;France
74500;PUBLIER;France
39570;PUBLY;France
44390;PUCEUL;France
47160;PUCH D AGENAIS;France
27150;PUCHAY;France
80560;PUCHEVILLERS;France
34150;PUECHABON;France
81470;PUECHOURSI;France
30610;PUECHREDON;France
52220;PUELLEMONTIER;France
25680;PUESSANS;France
84360;PUGET;France
06260;PUGET ROSTANG;France
83480;PUGET SUR ARGENS;France
06260;PUGET THENIERS;France
83390;PUGET VILLE;France
25720;PUGEY;France
01510;PUGIEU;France
11400;PUGINIER;France
33710;PUGNAC;France
79320;PUGNY;France
73100;PUGNY CHATENOD;France
11700;PUICHERIC;France
79160;PUIHARDY;France
34230;PUILACHER;France
11140;PUILAURENS;France
17138;PUILBOREAU;France
08370;PUILLY ET CHARBEAUX;France
04700;PUIMICHEL;France
34480;PUIMISSON;France
04410;PUIMOISSON;France
45390;PUISEAUX;France
91150;PUISELET LE MARAIS;France
76660;PUISENVAL;France
08270;PUISEUX;France
28170;PUISEUX;France
60850;PUISEUX EN BRAY;France
95380;PUISEUX EN FRANCE;France
02600;PUISEUX EN RETZ;France
60540;PUISEUX LE HAUBERGER;France
95650;PUISEUX PONTOISE;France
51500;PUISIEULX;France
62116;PUISIEUX;France
77139;PUISIEUX;France
02120;PUISIEUX ET CLANLIEU;France
34480;PUISSALICON;France
33570;PUISSEGUIN;France
34620;PUISSERGUIER;France
21400;PUITS;France
10140;PUITS ET NUISEMENT;France
60480;PUITS LA VALLEE;France
11230;PUIVERT;France
32600;PUJAUDRAN;France
30131;PUJAUT;France
65500;PUJO;France
40190;PUJO LE PLAN;France
33350;PUJOLS;France
47300;PUJOLS;France
33210;PUJOLS SUR CIRON;France
21190;PULIGNY MONTRACHET;France
27130;PULLAY;France
54160;PULLIGNY;France
54115;PULNEY;France
54425;PULNOY;France
63230;PULVERIERES;France
68840;PULVERSHEIM;France
80320;PUNCHY;France
88630;PUNEROT;France
65230;PUNTOUS;France
39600;PUPILLIN;France
08110;PURE;France
70160;PURGEROT;France
70000;PUSEY;France
69330;PUSIGNAN;France
38510;PUSIGNIEU;France
91740;PUSSAY;France
37800;PUSSIGNY;France
73260;PUSSY;France
70000;PUSY ET EPENOUX;France
61210;PUTANGES PONT ECREPIN;France
92800;PUTEAUX;France
14430;PUTOT EN AUGE;France
14740;PUTOT EN BESSIN;France
57510;PUTTELANGE AUX LACS;France
57570;PUTTELANGE LES THIONVILLE;France
57170;PUTTIGNY;France
54800;PUXE;France
54800;PUXIEUX;France
19120;PUY D ARNAC;France
85240;PUY DE SERRE;France
17380;PUY DU LAC;France
63290;PUY GUILLAUME;France
46700;PUY L EVEQUE;France
23130;PUY MALSIGNAT;France
05200;PUY SANIERES;France
05100;PUY ST ANDRE;France
05200;PUY ST EUSEBE;France
63470;PUY ST GULMIER;France
26450;PUY ST MARTIN;France
05100;PUY ST PIERRE;France
05290;PUY ST VINCENT;France
33190;PUYBARBAN;France
81390;PUYBEGON;France
46130;PUYBRUN;France
81440;PUYCALVEL;France
32120;PUYCASQUIER;France
81140;PUYCELCI;France
82220;PUYCORNET;France
31190;PUYDANIEL;France
65220;PUYDARRIEUX;France
17290;PUYDROUARD;France
82120;PUYGAILLARD DE LOMAGNE;France
82800;PUYGAILLARD DE QUERCY;France
26160;PUYGIRON;France
81990;PUYGOUZON;France
73190;PUYGROS;France
24240;PUYGUILHEM;France
46260;PUYJOURDES;France
82160;PUYLAGARDE;France
82240;PUYLAROQUE;France
81700;PUYLAURENS;France
32220;PUYLAUSIC;France
13114;PUYLOUBIER;France
24410;PUYMANGOU;France
31230;PUYMAURIN;France
84110;PUYMERAS;France
47350;PUYMICLAN;France
47270;PUYMIROL;France
16400;PUYMOYEN;France
33660;PUYNORMAND;France
40320;PUYOL CAZALET;France
64270;PUYOO;France
17700;PUYRAVAULT;France
85450;PUYRAVAULT;France
16230;PUYREAUX;France
24340;PUYRENIER;France
13540;PUYRICARD;France
17380;PUYROLLAND;France
32390;PUYSEGUR;France
31480;PUYSSEGUR;France
47800;PUYSSERAMPION;France
66210;PUYVALADOR;France
84160;PUYVERT;France
80320;PUZEAUX;France
57590;PUZIEUX;France
88500;PUZIEUX;France
66360;PY;France
33115;PYLA PLAGE;France
33115;PYLA SUR MER;France
80300;PYS;France
